,ID,CREATED_DATE,BIRTH_DATE,STATE,LANGUAGE,GENDER,RECEIPT_ID,PURCHASE_DATE,SCAN_DATE,STORE_NAME,USER_ID,BARCODE,FINAL_QUANTITY,FINAL_SALE,FINAL_QUANTITY_NUMERIC,FINAL_SALE_NUMERIC,BARCODE_str,AGE_WHEN_CREATION,PURCHASE_DATE_CT,AGE_WHEN_PURCHASING,AGE_WHEN_PURCHASING_MO,TIME_AS_USER_WHEN_PURCHASING,TIME_AS_USER_WHEN_PURCHASING_MO
0,62c303aebaa38d1a1f6d0d51,2022-07-04 15:13:50+00:00,1958-09-27 00:00:00+00:00,FL,en,female,cdcc0ef0-9f72-45d4-aecf-701ce553f792,2024-06-12,2024-06-16 10:00:31.951 Z,WALMART,62c303aebaa38d1a1f6d0d51,78742222349.0,1.00, ,1.0,,78742222349.0,63.0,2024-06-12 00:00:00+00:00,65.0,788.0,1.0,23.0
1,62c303aebaa38d1a1f6d0d51,2022-07-04 15:13:50+00:00,1958-09-27 00:00:00+00:00,FL,en,female,cdcc0ef0-9f72-45d4-aecf-701ce553f792,2024-06-12,2024-06-16 10:00:31.951 Z,WALMART,62c303aebaa38d1a1f6d0d51,78742222349.0,1.00,3.24,1.0,3.24,78742222349.0,63.0,2024-06-12 00:00:00+00:00,65.0,788.0,1.0,23.0
2,5fd4fb485f410d44bae3a776,2020-12-12 17:18:00+00:00,1979-01-23 00:00:00+00:00,CA,es-419,female,3c6b21b7-4f9e-4316-98e5-8842c5491871,2024-08-30,2024-09-03 12:35:17.267 Z,TARGET,5fd4fb485f410d44bae3a776,22400643366.0,2.00, ,2.0,,22400643366.0,41.0,2024-08-30 00:00:00+00:00,45.0,547.0,3.0,44.0
3,5fd4fb485f410d44bae3a776,2020-12-12 17:18:00+00:00,1979-01-23 00:00:00+00:00,CA,es-419,female,3c6b21b7-4f9e-4316-98e5-8842c5491871,2024-08-30,2024-09-03 12:35:17.267 Z,TARGET,5fd4fb485f410d44bae3a776,22400643366.0,2.00,14.58,2.0,14.58,22400643366.0,41.0,2024-08-30 00:00:00+00:00,45.0,547.0,3.0,44.0
4,5b441360be53340f289b0795,2018-07-10 02:01:04+00:00,1982-09-27 06:00:00+00:00,IL,en,female,a7e6adf6-3dac-497f-90f1-7f371c639a1f,2024-07-22,2024-07-22 09:49:41.406 Z,TARGET,5b441360be53340f289b0795,2700717433990.0,zero,7.99,0.0,7.99,2700717433990.0,35.0,2024-07-22 00:00:00+00:00,41.0,501.0,6.0,72.0
5,5b441360be53340f289b0795,2018-07-10 02:01:04+00:00,1982-09-27 06:00:00+00:00,IL,en,female,c7b129ac-0599-464c-948c-5ba783930982,2024-07-08,2024-07-09 05:34:12.331 Z,WALMART,5b441360be53340f289b0795,26700129155.0,1.00, ,1.0,,26700129155.0,35.0,2024-07-08 00:00:00+00:00,41.0,501.0,5.0,71.0
6,5b441360be53340f289b0795,2018-07-10 02:01:04+00:00,1982-09-27 06:00:00+00:00,IL,en,female,a7e6adf6-3dac-497f-90f1-7f371c639a1f,2024-07-22,2024-07-22 09:49:41.406 Z,TARGET,5b441360be53340f289b0795,2700717433990.0,1.00,7.99,1.0,7.99,2700717433990.0,35.0,2024-07-22 00:00:00+00:00,41.0,501.0,6.0,72.0
7,5b441360be53340f289b0795,2018-07-10 02:01:04+00:00,1982-09-27 06:00:00+00:00,IL,en,female,c7b129ac-0599-464c-948c-5ba783930982,2024-07-08,2024-07-09 05:34:12.331 Z,WALMART,5b441360be53340f289b0795,26700129155.0,1.00,2.34,1.0,2.34,26700129155.0,35.0,2024-07-08 00:00:00+00:00,41.0,501.0,5.0,71.0
8,63c37b2639c79dcbdd5759b6,2023-01-15 04:03:50+00:00,1970-05-01 05:00:00+00:00,IL,en,female,0fa4a460-6683-49ea-8a8b-64eb50e7ad7b,2024-08-29,2024-08-29 14:09:50.898 Z,OSCO,63c37b2639c79dcbdd5759b6,52100045542.0,zero,1.79,0.0,1.79,52100045542.0,52.0,2024-08-29 00:00:00+00:00,54.0,651.0,1.0,19.0
9,63c37b2639c79dcbdd5759b6,2023-01-15 04:03:50+00:00,1970-05-01 05:00:00+00:00,IL,en,female,0fa4a460-6683-49ea-8a8b-64eb50e7ad7b,2024-08-29,2024-08-29 14:09:50.898 Z,OSCO,63c37b2639c79dcbdd5759b6,52100045542.0,1.00,1.79,1.0,1.79,52100045542.0,52.0,2024-08-29 00:00:00+00:00,54.0,651.0,1.0,19.0
10,6236764181c1450ec756f06d,2022-03-20 00:33:05+00:00,1993-01-05 05:00:00+00:00,NJ,en,male,a593f305-4cd0-4e6a-ba77-d01c7058936e,2024-06-20,2024-06-20 13:46:10.350 Z,WALGREENS,6236764181c1450ec756f06d,12044051399.0,1.00, ,1.0,,12044051399.0,29.0,2024-06-20 00:00:00+00:00,31.0,377.0,2.0,27.0
11,6236764181c1450ec756f06d,2022-03-20 00:33:05+00:00,1993-01-05 05:00:00+00:00,NJ,en,male,a593f305-4cd0-4e6a-ba77-d01c7058936e,2024-06-20,2024-06-20 13:46:10.350 Z,WALGREENS,6236764181c1450ec756f06d,12044051399.0,1.00,4.24,1.0,4.24,12044051399.0,29.0,2024-06-20 00:00:00+00:00,31.0,377.0,2.0,27.0
12,632fc9dc0c625b72ae991f83,2022-09-25 03:24:12+00:00,1980-05-15 07:00:00+00:00,CA,es-419,female,1611365a-f1a9-4960-bb37-b1bc172be549,2024-08-31,2024-08-31 14:44:52.183 Z,COSTCO,632fc9dc0c625b72ae991f83,14100087151.0,1.00, ,1.0,,14100087151.0,42.0,2024-08-31 00:00:00+00:00,44.0,531.0,1.0,23.0
13,632fc9dc0c625b72ae991f83,2022-09-25 03:24:12+00:00,1980-05-15 07:00:00+00:00,CA,es-419,female,b0ab82c2-8f84-40b5-900e-300b4ec2d673,2024-07-09,2024-07-10 14:12:22.991 Z,WALMART,632fc9dc0c625b72ae991f83,78742147253.0,zero,2.48,0.0,2.48,78742147253.0,42.0,2024-07-09 00:00:00+00:00,44.0,529.0,1.0,21.0
14,632fc9dc0c625b72ae991f83,2022-09-25 03:24:12+00:00,1980-05-15 07:00:00+00:00,CA,es-419,female,b0ab82c2-8f84-40b5-900e-300b4ec2d673,2024-07-09,2024-07-10 14:12:22.991 Z,WALMART,632fc9dc0c625b72ae991f83,78742147253.0,1.00,2.48,1.0,2.48,78742147253.0,42.0,2024-07-09 00:00:00+00:00,44.0,529.0,1.0,21.0
15,632fc9dc0c625b72ae991f83,2022-09-25 03:24:12+00:00,1980-05-15 07:00:00+00:00,CA,es-419,female,1611365a-f1a9-4960-bb37-b1bc172be549,2024-08-31,2024-08-31 14:44:52.183 Z,COSTCO,632fc9dc0c625b72ae991f83,14100087151.0,1.00,11.79,1.0,11.79,14100087151.0,42.0,2024-08-31 00:00:00+00:00,44.0,531.0,1.0,23.0
16,59a25793e4b0d56df5fd34a8,2017-08-27 05:24:35+00:00,1984-06-06 00:00:00+00:00,IN,en,female,128e2962-5116-4b64-b9ad-cd76acf08149,2024-08-23,2024-08-23 18:40:56.690 Z,KROGER,59a25793e4b0d56df5fd34a8,41780272065.0,1.00, ,1.0,,41780272065.0,33.0,2024-08-23 00:00:00+00:00,40.0,482.0,6.0,83.0
17,59a25793e4b0d56df5fd34a8,2017-08-27 05:24:35+00:00,1984-06-06 00:00:00+00:00,IN,en,female,128e2962-5116-4b64-b9ad-cd76acf08149,2024-08-23,2024-08-23 18:40:56.690 Z,KROGER,59a25793e4b0d56df5fd34a8,41780272065.0,1.00,1.99,1.0,1.99,41780272065.0,33.0,2024-08-23 00:00:00+00:00,40.0,482.0,6.0,83.0
18,630bf606dd9c692ad856a0dc,2022-08-28 23:11:02+00:00,1991-03-08 05:00:00+00:00,FL,en,female,dcb94c39-fa8f-4014-b4f5-bd8b803586c4,2024-08-14,2024-08-14 15:20:32.141 Z,DOLLAR TREE STORES INC,630bf606dd9c692ad856a0dc,40000000310.0,zero,1.25,0.0,1.25,40000000310.0,31.0,2024-08-14 00:00:00+00:00,33.0,401.0,1.0,23.0
19,630bf606dd9c692ad856a0dc,2022-08-28 23:11:02+00:00,1991-03-08 05:00:00+00:00,FL,en,female,dcb94c39-fa8f-4014-b4f5-bd8b803586c4,2024-08-14,2024-08-14 15:20:32.141 Z,DOLLAR TREE STORES INC,630bf606dd9c692ad856a0dc,40000000310.0,1.00,1.25,1.0,1.25,40000000310.0,31.0,2024-08-14 00:00:00+00:00,33.0,401.0,1.0,23.0
20,62e5a95ca6565cf0534c989c,2022-07-30 21:57:48+00:00,1961-07-21 00:00:00+00:00,FL,en,female,00729da3-2564-4616-a4ea-7426232d52e8,2024-08-30,2024-09-03 13:00:21.972 Z,FAMILY DOLLAR,62e5a95ca6565cf0534c989c,34000080113.0,1.00, ,1.0,,34000080113.0,61.0,2024-08-30 00:00:00+00:00,63.0,757.0,2.0,25.0
21,62e5a95ca6565cf0534c989c,2022-07-30 21:57:48+00:00,1961-07-21 00:00:00+00:00,FL,en,female,00729da3-2564-4616-a4ea-7426232d52e8,2024-08-30,2024-09-03 13:00:21.972 Z,FAMILY DOLLAR,62e5a95ca6565cf0534c989c,34000080113.0,1.00,1.25,1.0,1.25,34000080113.0,61.0,2024-08-30 00:00:00+00:00,63.0,757.0,2.0,25.0
22,5bb79c65b0a16836db35bbf1,2018-10-05 17:16:21+00:00,1967-04-13 08:00:00+00:00,NV,en,female,c61751a9-9995-4eb3-8e39-d5fd7b08774f,2024-08-11,2024-08-13 13:00:38.933 Z,SAVE MART SUPERMARKETS,5bb79c65b0a16836db35bbf1,311111423818.0,zero,5.79,0.0,5.79,311111423818.0,51.0,2024-08-11 00:00:00+00:00,57.0,687.0,5.0,70.0
23,5bb79c65b0a16836db35bbf1,2018-10-05 17:16:21+00:00,1967-04-13 08:00:00+00:00,NV,en,female,c61751a9-9995-4eb3-8e39-d5fd7b08774f,2024-08-11,2024-08-13 13:00:38.933 Z,SAVE MART SUPERMARKETS,5bb79c65b0a16836db35bbf1,311111423818.0,1.00,5.79,1.0,5.79,311111423818.0,51.0,2024-08-11 00:00:00+00:00,57.0,687.0,5.0,70.0
24,62d86d9a1d76344f1a3602d9,2022-07-20 21:03:22+00:00,1953-11-18 05:00:00+00:00,FL,en,female,07a90f97-ecd3-446f-91de-906f14cbcf2b,2024-08-19,2024-08-20 09:58:12.727 Z,COSTCO,62d86d9a1d76344f1a3602d9,48001481213.0,1.00, ,1.0,,48001481213.0,68.0,2024-08-19 00:00:00+00:00,70.0,848.0,2.0,24.0
25,62d86d9a1d76344f1a3602d9,2022-07-20 21:03:22+00:00,1953-11-18 05:00:00+00:00,FL,en,female,2cabacfe-4d74-4027-9284-0c5abf04b3e2,2024-08-19,2024-08-19 06:34:47.503 Z,WALMART,62d86d9a1d76344f1a3602d9,78742002248.0,zero,0.86,0.0,0.86,78742002248.0,68.0,2024-08-19 00:00:00+00:00,70.0,848.0,2.0,24.0
26,62d86d9a1d76344f1a3602d9,2022-07-20 21:03:22+00:00,1953-11-18 05:00:00+00:00,FL,en,female,07a90f97-ecd3-446f-91de-906f14cbcf2b,2024-08-19,2024-08-20 09:58:12.727 Z,COSTCO,62d86d9a1d76344f1a3602d9,48001481213.0,1.00,9.99,1.0,9.99,48001481213.0,68.0,2024-08-19 00:00:00+00:00,70.0,848.0,2.0,24.0
27,62d86d9a1d76344f1a3602d9,2022-07-20 21:03:22+00:00,1953-11-18 05:00:00+00:00,FL,en,female,2cabacfe-4d74-4027-9284-0c5abf04b3e2,2024-08-19,2024-08-19 06:34:47.503 Z,WALMART,62d86d9a1d76344f1a3602d9,78742002248.0,1.00,0.86,1.0,0.86,78742002248.0,68.0,2024-08-19 00:00:00+00:00,70.0,848.0,2.0,24.0
28,64ce5d823cb069b5eac9b700,2023-08-05 14:32:34+00:00,1957-04-02 15:32:36+00:00,TX,en,male,47c724c5-680f-450d-a617-e36514fff06e,2024-07-18,2024-07-19 18:36:31.512 Z,H-E-B,64ce5d823cb069b5eac9b700,41220078400.0,1.00, ,1.0,,41220078400.0,66.0,2024-07-18 00:00:00+00:00,67.0,807.0,0.0,11.0
29,64ce5d823cb069b5eac9b700,2023-08-05 14:32:34+00:00,1957-04-02 15:32:36+00:00,TX,en,male,47c724c5-680f-450d-a617-e36514fff06e,2024-07-18,2024-07-19 18:36:31.512 Z,H-E-B,64ce5d823cb069b5eac9b700,41220078400.0,1.00,2.97,1.0,2.97,41220078400.0,66.0,2024-07-18 00:00:00+00:00,67.0,807.0,0.0,11.0
30,64e29bd89af7bd9ef5a8aafc,2023-08-20 23:03:52+00:00,1955-11-02 00:00:00+00:00,GA,en,female,f195f7b6-9df0-48ca-87f9-138500180f05,2024-07-06,2024-07-06 15:55:45.823 Z,WALMART,64e29bd89af7bd9ef5a8aafc,10700021526.0,zero,1.24,0.0,1.24,10700021526.0,67.0,2024-07-06 00:00:00+00:00,68.0,824.0,0.0,10.0
31,64e29bd89af7bd9ef5a8aafc,2023-08-20 23:03:52+00:00,1955-11-02 00:00:00+00:00,GA,en,female,f195f7b6-9df0-48ca-87f9-138500180f05,2024-07-06,2024-07-06 15:55:45.823 Z,WALMART,64e29bd89af7bd9ef5a8aafc,10700021526.0,1.00,1.24,1.0,1.24,10700021526.0,67.0,2024-07-06 00:00:00+00:00,68.0,824.0,0.0,10.0
32,6682b24786cc41b000ce5e77,2024-07-01 13:42:31+00:00,1988-08-12 00:00:00+00:00,WI,en,female,18ea012d-8065-41a9-be3e-0007ed78e888,2024-08-27,2024-08-30 10:38:06.550 Z,WALMART,6682b24786cc41b000ce5e77,21000045129.0,zero,4.99,0.0,4.99,21000045129.0,35.0,2024-08-27 00:00:00+00:00,36.0,432.0,0.0,1.0
33,6682b24786cc41b000ce5e77,2024-07-01 13:42:31+00:00,1988-08-12 00:00:00+00:00,WI,en,female,f61f9df5-53cf-4280-8225-1a75299931c4,2024-08-22,2024-08-29 16:50:27.504 Z,COUNTY MARKET,6682b24786cc41b000ce5e77,311111485045.0,zero,3.66,0.0,3.66,311111485045.0,35.0,2024-08-22 00:00:00+00:00,36.0,432.0,0.0,1.0
34,6682b24786cc41b000ce5e77,2024-07-01 13:42:31+00:00,1988-08-12 00:00:00+00:00,WI,en,female,18ea012d-8065-41a9-be3e-0007ed78e888,2024-08-27,2024-08-30 10:38:06.550 Z,WALMART,6682b24786cc41b000ce5e77,21000045129.0,1.00,4.99,1.0,4.99,21000045129.0,35.0,2024-08-27 00:00:00+00:00,36.0,432.0,0.0,1.0
35,6682b24786cc41b000ce5e77,2024-07-01 13:42:31+00:00,1988-08-12 00:00:00+00:00,WI,en,female,f61f9df5-53cf-4280-8225-1a75299931c4,2024-08-22,2024-08-29 16:50:27.504 Z,COUNTY MARKET,6682b24786cc41b000ce5e77,311111485045.0,1.00,3.66,1.0,3.66,311111485045.0,35.0,2024-08-22 00:00:00+00:00,36.0,432.0,0.0,1.0
36,63c2d13139c79dcbdd563f61,2023-01-14 15:58:41+00:00,1989-06-15 00:00:00+00:00,VA,en,male,10fd6957-1e89-44fa-a6e7-633e2609271a,2024-06-13,2024-06-18 15:35:49.912 Z,WALMART,63c2d13139c79dcbdd563f61,78742162805.0,1.00, ,1.0,,78742162805.0,33.0,2024-06-13 00:00:00+00:00,34.0,419.0,1.0,16.0
37,63c2d13139c79dcbdd563f61,2023-01-14 15:58:41+00:00,1989-06-15 00:00:00+00:00,VA,en,male,81d0112b-2280-4fce-8ebc-29fff86a2efc,2024-07-22,2024-07-25 19:20:35.919 Z,WALMART,63c2d13139c79dcbdd563f61,51000038852.0,zero,4.52,0.0,4.52,51000038852.0,33.0,2024-07-22 00:00:00+00:00,35.0,421.0,1.0,18.0
38,63c2d13139c79dcbdd563f61,2023-01-14 15:58:41+00:00,1989-06-15 00:00:00+00:00,VA,en,male,81d0112b-2280-4fce-8ebc-29fff86a2efc,2024-07-22,2024-07-25 19:20:35.919 Z,WALMART,63c2d13139c79dcbdd563f61,51000038852.0,2.00,4.52,2.0,4.52,51000038852.0,33.0,2024-07-22 00:00:00+00:00,35.0,421.0,1.0,18.0
39,63c2d13139c79dcbdd563f61,2023-01-14 15:58:41+00:00,1989-06-15 00:00:00+00:00,VA,en,male,10fd6957-1e89-44fa-a6e7-633e2609271a,2024-06-13,2024-06-18 15:35:49.912 Z,WALMART,63c2d13139c79dcbdd563f61,78742162805.0,1.00,6.52,1.0,6.52,78742162805.0,33.0,2024-06-13 00:00:00+00:00,34.0,419.0,1.0,16.0
40,5ea899202244e629eacd6785,2020-04-28 20:59:13+00:00,1975-03-28 04:00:00+00:00,DE,en,female,2bbe210e-d1ce-4062-9845-1fecd430b408,2024-08-17,2024-08-18 08:28:46.199 Z,WALMART,5ea899202244e629eacd6785,76808533606.0,zero,7.56,0.0,7.56,76808533606.0,45.0,2024-08-17 00:00:00+00:00,49.0,592.0,4.0,51.0
41,5ea899202244e629eacd6785,2020-04-28 20:59:13+00:00,1975-03-28 04:00:00+00:00,DE,en,female,2bbe210e-d1ce-4062-9845-1fecd430b408,2024-08-17,2024-08-18 08:28:46.199 Z,WALMART,5ea899202244e629eacd6785,76808533606.0,3.00,7.56,3.0,7.56,76808533606.0,45.0,2024-08-17 00:00:00+00:00,49.0,592.0,4.0,51.0
42,610a8541ca1fab5b417b5d33,2021-08-04 12:17:05+00:00,1977-01-12 00:00:00+00:00,NY,en,male,00ad12b5-a990-4f56-b7d8-78a506c36529,2024-08-18,2024-08-18 16:22:58.531 Z,7-ELEVEN,610a8541ca1fab5b417b5d33,40000001607.0,zero,2.39,0.0,2.39,40000001607.0,44.0,2024-08-18 00:00:00+00:00,47.0,571.0,3.0,36.0
43,610a8541ca1fab5b417b5d33,2021-08-04 12:17:05+00:00,1977-01-12 00:00:00+00:00,NY,en,male,1b81676d-750e-42d6-970c-b9432b09934f,2024-07-08,2024-07-08 23:27:59.639 Z,LODE,610a8541ca1fab5b417b5d33,,zero,4.29,0.0,4.29,nan,44.0,2024-07-08 00:00:00+00:00,47.0,569.0,2.0,35.0
44,610a8541ca1fab5b417b5d33,2021-08-04 12:17:05+00:00,1977-01-12 00:00:00+00:00,NY,en,male,44266009-a305-413b-8c09-7ad2b170594d,2024-08-02,2024-08-04 07:31:32.516 Z,CVS,610a8541ca1fab5b417b5d33,70462006599.0,1.00, ,1.0,,70462006599.0,44.0,2024-08-02 00:00:00+00:00,47.0,570.0,2.0,35.0
45,610a8541ca1fab5b417b5d33,2021-08-04 12:17:05+00:00,1977-01-12 00:00:00+00:00,NY,en,male,1b81676d-750e-42d6-970c-b9432b09934f,2024-07-08,2024-07-08 23:27:59.639 Z,LODE,610a8541ca1fab5b417b5d33,,1.00,4.29,1.0,4.29,nan,44.0,2024-07-08 00:00:00+00:00,47.0,569.0,2.0,35.0
46,610a8541ca1fab5b417b5d33,2021-08-04 12:17:05+00:00,1977-01-12 00:00:00+00:00,NY,en,male,00ad12b5-a990-4f56-b7d8-78a506c36529,2024-08-18,2024-08-18 16:22:58.531 Z,7-ELEVEN,610a8541ca1fab5b417b5d33,40000001607.0,1.00,2.39,1.0,2.39,40000001607.0,44.0,2024-08-18 00:00:00+00:00,47.0,571.0,3.0,36.0
47,610a8541ca1fab5b417b5d33,2021-08-04 12:17:05+00:00,1977-01-12 00:00:00+00:00,NY,en,male,44266009-a305-413b-8c09-7ad2b170594d,2024-08-02,2024-08-04 07:31:32.516 Z,CVS,610a8541ca1fab5b417b5d33,70462006599.0,1.00,4.29,1.0,4.29,70462006599.0,44.0,2024-08-02 00:00:00+00:00,47.0,570.0,2.0,35.0
48,631e23bc198485e89002613b,2022-09-11 18:06:52+00:00,1976-01-29 06:00:00+00:00,AL,en,female,8055c1c5-da3c-49d4-9f83-7a51225566d5,2024-08-19,2024-08-19 16:38:05.566 Z,WALMART,631e23bc198485e89002613b,46000287324.0,zero,3.58,0.0,3.58,46000287324.0,46.0,2024-08-19 00:00:00+00:00,48.0,582.0,1.0,23.0
49,631e23bc198485e89002613b,2022-09-11 18:06:52+00:00,1976-01-29 06:00:00+00:00,AL,en,female,ac2d2d9b-efa1-4d22-aab2-153b4a0cde18,2024-08-12,2024-08-12 15:30:35.701 Z,WINN-DIXIE,631e23bc198485e89002613b,37000179023.0,1.00, ,1.0,,37000179023.0,46.0,2024-08-12 00:00:00+00:00,48.0,582.0,1.0,22.0
50,631e23bc198485e89002613b,2022-09-11 18:06:52+00:00,1976-01-29 06:00:00+00:00,AL,en,female,8055c1c5-da3c-49d4-9f83-7a51225566d5,2024-08-19,2024-08-19 16:38:05.566 Z,WALMART,631e23bc198485e89002613b,46000287324.0,1.00,3.58,1.0,3.58,46000287324.0,46.0,2024-08-19 00:00:00+00:00,48.0,582.0,1.0,23.0
51,631e23bc198485e89002613b,2022-09-11 18:06:52+00:00,1976-01-29 06:00:00+00:00,AL,en,female,ac2d2d9b-efa1-4d22-aab2-153b4a0cde18,2024-08-12,2024-08-12 15:30:35.701 Z,WINN-DIXIE,631e23bc198485e89002613b,37000179023.0,1.00,4.69,1.0,4.69,37000179023.0,46.0,2024-08-12 00:00:00+00:00,48.0,582.0,1.0,22.0
52,62bafbb5cc43018bbbfc856e,2022-06-28 13:01:41+00:00,1964-05-01 00:00:00+00:00,VA,en,female,4119ebcb-93c7-40de-9919-6ce985592a7d,2024-08-14,2024-08-14 20:02:01.994 Z,RITE AID,62bafbb5cc43018bbbfc856e,,1.00, ,1.0,,nan,58.0,2024-08-14 00:00:00+00:00,60.0,723.0,2.0,25.0
53,62bafbb5cc43018bbbfc856e,2022-06-28 13:01:41+00:00,1964-05-01 00:00:00+00:00,VA,en,female,4119ebcb-93c7-40de-9919-6ce985592a7d,2024-08-14,2024-08-14 20:02:01.994 Z,RITE AID,62bafbb5cc43018bbbfc856e,,1.00,3.58,1.0,3.58,nan,58.0,2024-08-14 00:00:00+00:00,60.0,723.0,2.0,25.0
54,61be248f43595e62de653970,2021-12-18 18:12:31+00:00,1953-05-14 00:00:00+00:00,MO,en,female,54246fd1-1a33-4a41-ad20-3932791579a4,2024-09-03,2024-09-04 12:34:25.686 Z,ST LUKES OUTPATIENT,61be248f43595e62de653970,180410000422.0,1.00, ,1.0,,180410000422.0,68.0,2024-09-03 00:00:00+00:00,71.0,855.0,2.0,32.0
55,61be248f43595e62de653970,2021-12-18 18:12:31+00:00,1953-05-14 00:00:00+00:00,MO,en,female,fad232f6-dc60-4ff4-b213-92e57d871680,2024-06-30,2024-07-02 14:45:11.568 Z,WALMART,61be248f43595e62de653970,76808502947.0,zero,1.84,0.0,1.84,76808502947.0,68.0,2024-06-30 00:00:00+00:00,71.0,853.0,2.0,30.0
56,61be248f43595e62de653970,2021-12-18 18:12:31+00:00,1953-05-14 00:00:00+00:00,MO,en,female,54246fd1-1a33-4a41-ad20-3932791579a4,2024-09-03,2024-09-04 12:34:25.686 Z,ST LUKES OUTPATIENT,61be248f43595e62de653970,180410000422.0,1.00,1.15,1.0,1.15,180410000422.0,68.0,2024-09-03 00:00:00+00:00,71.0,855.0,2.0,32.0
57,61be248f43595e62de653970,2021-12-18 18:12:31+00:00,1953-05-14 00:00:00+00:00,MO,en,female,fad232f6-dc60-4ff4-b213-92e57d871680,2024-06-30,2024-07-02 14:45:11.568 Z,WALMART,61be248f43595e62de653970,76808502947.0,1.00,1.84,1.0,1.84,76808502947.0,68.0,2024-06-30 00:00:00+00:00,71.0,853.0,2.0,30.0
58,62c627d9b79924d29cc06f5a,2022-07-07 00:24:57+00:00,1944-07-20 05:00:00+00:00,IN,en,female,6c757ce3-bcf4-47e2-9be9-295518246833,2024-07-11,2024-07-12 10:42:17.105 Z,DOLLAR TREE STORES INC,62c627d9b79924d29cc06f5a,99900721405.0,zero,1.25,0.0,1.25,99900721405.0,77.0,2024-07-11 00:00:00+00:00,79.0,959.0,2.0,24.0
59,62c627d9b79924d29cc06f5a,2022-07-07 00:24:57+00:00,1944-07-20 05:00:00+00:00,IN,en,female,6c757ce3-bcf4-47e2-9be9-295518246833,2024-07-11,2024-07-12 10:42:17.105 Z,DOLLAR TREE STORES INC,62c627d9b79924d29cc06f5a,99900721405.0,1.00,1.25,1.0,1.25,99900721405.0,77.0,2024-07-11 00:00:00+00:00,79.0,959.0,2.0,24.0
60,5f9414c65896841696c17359,2020-10-24 11:49:27+00:00,1972-05-26 00:00:00+00:00,FL,en,male,af352c94-06fb-4e09-a513-2eb06471b074,2024-08-14,2024-08-26 18:04:26.351 Z,WALMART,5f9414c65896841696c17359,11111613782.0,1.00, ,1.0,,11111613782.0,48.0,2024-08-14 00:00:00+00:00,52.0,626.0,3.0,45.0
61,5f9414c65896841696c17359,2020-10-24 11:49:27+00:00,1972-05-26 00:00:00+00:00,FL,en,male,af352c94-06fb-4e09-a513-2eb06471b074,2024-08-14,2024-08-26 18:04:26.351 Z,WALMART,5f9414c65896841696c17359,11111613782.0,1.00,11.97,1.0,11.97,11111613782.0,48.0,2024-08-14 00:00:00+00:00,52.0,626.0,3.0,45.0
62,6621691d89578edd4a10fb06,2024-04-18 18:40:29+00:00,1968-09-14 00:00:00+00:00,OK,en,female,27555547-4d05-43b7-a7ac-d9635e5a065b,2024-09-06,2024-09-06 17:31:34.658 Z,WALMART,6621691d89578edd4a10fb06,28400055093.0,1.00, ,1.0,,28400055093.0,55.0,2024-09-06 00:00:00+00:00,55.0,671.0,0.0,4.0
63,6621691d89578edd4a10fb06,2024-04-18 18:40:29+00:00,1968-09-14 00:00:00+00:00,OK,en,female,65512391-8990-4115-b3d3-02fe15b1dc9d,2024-08-23,2024-08-23 17:55:28.322 Z,DOLLAR GENERAL STORE,6621691d89578edd4a10fb06,77633047375.0,1.00, ,1.0,,77633047375.0,55.0,2024-08-23 00:00:00+00:00,55.0,671.0,0.0,4.0
64,6621691d89578edd4a10fb06,2024-04-18 18:40:29+00:00,1968-09-14 00:00:00+00:00,OK,en,female,65512391-8990-4115-b3d3-02fe15b1dc9d,2024-08-23,2024-08-23 17:55:28.322 Z,DOLLAR GENERAL STORE,6621691d89578edd4a10fb06,77633047375.0,1.00,3.70,1.0,3.7,77633047375.0,55.0,2024-08-23 00:00:00+00:00,55.0,671.0,0.0,4.0
65,6621691d89578edd4a10fb06,2024-04-18 18:40:29+00:00,1968-09-14 00:00:00+00:00,OK,en,female,27555547-4d05-43b7-a7ac-d9635e5a065b,2024-09-06,2024-09-06 17:31:34.658 Z,WALMART,6621691d89578edd4a10fb06,28400055093.0,1.00,2.00,1.0,2.0,28400055093.0,55.0,2024-09-06 00:00:00+00:00,55.0,671.0,0.0,4.0
66,650f670a61fe168f0fd89b11,2023-09-23 22:30:34+00:00,1989-03-13 05:00:00+00:00,MI,en,female,b67ecea9-b4fa-4c8c-8c82-c3680f29f11d,2024-08-28,2024-08-29 06:57:26.480 Z,MEIJER,650f670a61fe168f0fd89b11,,1.00, ,1.0,,nan,34.0,2024-08-28 00:00:00+00:00,35.0,425.0,0.0,11.0
67,650f670a61fe168f0fd89b11,2023-09-23 22:30:34+00:00,1989-03-13 05:00:00+00:00,MI,en,female,b67ecea9-b4fa-4c8c-8c82-c3680f29f11d,2024-08-28,2024-08-29 06:57:26.480 Z,MEIJER,650f670a61fe168f0fd89b11,,1.00,9.97,1.0,9.97,nan,34.0,2024-08-28 00:00:00+00:00,35.0,425.0,0.0,11.0
68,63c8294d39c79dcbdd5c1e4f,2023-01-18 17:15:57+00:00,1969-01-04 00:00:00+00:00,SC,en,female,86f6d365-1ddd-4f8b-bb6a-b924d4a54905,2024-08-03,2024-08-03 17:19:09.102 Z,WALMART,63c8294d39c79dcbdd5c1e4f,44000031114.0,zero,3.88,0.0,3.88,44000031114.0,54.0,2024-08-03 00:00:00+00:00,55.0,666.0,1.0,18.0
69,63c8294d39c79dcbdd5c1e4f,2023-01-18 17:15:57+00:00,1969-01-04 00:00:00+00:00,SC,en,female,8b8a98ac-e455-46e7-a3e9-45fc3d6b9ed9,2024-09-08,2024-09-08 10:50:10.535 Z,WALMART,63c8294d39c79dcbdd5c1e4f,44000060626.0,1.00, ,1.0,,44000060626.0,54.0,2024-09-08 00:00:00+00:00,55.0,668.0,1.0,19.0
70,63c8294d39c79dcbdd5c1e4f,2023-01-18 17:15:57+00:00,1969-01-04 00:00:00+00:00,SC,en,female,86f6d365-1ddd-4f8b-bb6a-b924d4a54905,2024-08-03,2024-08-03 17:19:09.102 Z,WALMART,63c8294d39c79dcbdd5c1e4f,44000031114.0,1.00,3.88,1.0,3.88,44000031114.0,54.0,2024-08-03 00:00:00+00:00,55.0,666.0,1.0,18.0
71,63c8294d39c79dcbdd5c1e4f,2023-01-18 17:15:57+00:00,1969-01-04 00:00:00+00:00,SC,en,female,8b8a98ac-e455-46e7-a3e9-45fc3d6b9ed9,2024-09-08,2024-09-08 10:50:10.535 Z,WALMART,63c8294d39c79dcbdd5c1e4f,44000060626.0,1.00,3.98,1.0,3.98,44000060626.0,54.0,2024-09-08 00:00:00+00:00,55.0,668.0,1.0,19.0
72,62891c2d1ec71241a9801162,2022-05-21 17:06:53+00:00,1967-10-29 00:00:00+00:00,FL,en,female,93faf04f-16eb-4ec8-b458-212cfb0bc25c,2024-07-03,2024-07-10 07:13:44.534 Z,WALMART,62891c2d1ec71241a9801162,19100181694.0,zero,1.47,0.0,1.47,19100181694.0,54.0,2024-07-03 00:00:00+00:00,56.0,680.0,2.0,25.0
73,62891c2d1ec71241a9801162,2022-05-21 17:06:53+00:00,1967-10-29 00:00:00+00:00,FL,en,female,93faf04f-16eb-4ec8-b458-212cfb0bc25c,2024-07-03,2024-07-10 07:13:44.534 Z,WALMART,62891c2d1ec71241a9801162,19100181694.0,1.00,1.47,1.0,1.47,19100181694.0,54.0,2024-07-03 00:00:00+00:00,56.0,680.0,2.0,25.0
74,65044dc5fe41d365c2ed7d71,2023-09-15 12:27:49+00:00,1964-12-26 00:00:00+00:00,IL,en,female,abe534ef-bfbd-46ce-982b-98420e9170f1,2024-06-15,2024-06-16 09:27:49.782 Z,JEWEL OSCO,65044dc5fe41d365c2ed7d71,70670000693.0,zero,1.99,0.0,1.99,70670000693.0,58.0,2024-06-15 00:00:00+00:00,59.0,713.0,0.0,8.0
75,65044dc5fe41d365c2ed7d71,2023-09-15 12:27:49+00:00,1964-12-26 00:00:00+00:00,IL,en,female,da8eda20-b96d-4df9-a618-45df75623eb6,2024-08-08,2024-08-11 06:43:27.935 Z,MEIJER,65044dc5fe41d365c2ed7d71,760236261414.0,1.00, ,1.0,,760236261414.0,58.0,2024-08-08 00:00:00+00:00,59.0,715.0,0.0,10.0
76,65044dc5fe41d365c2ed7d71,2023-09-15 12:27:49+00:00,1964-12-26 00:00:00+00:00,IL,en,female,abe534ef-bfbd-46ce-982b-98420e9170f1,2024-06-15,2024-06-16 09:27:49.782 Z,JEWEL OSCO,65044dc5fe41d365c2ed7d71,70670000693.0,1.00,1.99,1.0,1.99,70670000693.0,58.0,2024-06-15 00:00:00+00:00,59.0,713.0,0.0,8.0
77,65044dc5fe41d365c2ed7d71,2023-09-15 12:27:49+00:00,1964-12-26 00:00:00+00:00,IL,en,female,da8eda20-b96d-4df9-a618-45df75623eb6,2024-08-08,2024-08-11 06:43:27.935 Z,MEIJER,65044dc5fe41d365c2ed7d71,760236261414.0,1.00,5.69,1.0,5.69,760236261414.0,58.0,2024-08-08 00:00:00+00:00,59.0,715.0,0.0,10.0
78,6668f2257c0469953bfd6e45,2024-06-12 00:56:05+00:00,1959-09-19 00:00:00+00:00,WA,en,female,d49374d6-3c67-4be3-8d0c-80211969e112,2024-07-19,2024-07-26 16:42:07.068 Z,WALMART,6668f2257c0469953bfd6e45,46100001646.0,zero,3.97,0.0,3.97,46100001646.0,64.0,2024-07-19 00:00:00+00:00,64.0,777.0,0.0,1.0
79,6668f2257c0469953bfd6e45,2024-06-12 00:56:05+00:00,1959-09-19 00:00:00+00:00,WA,en,female,d49374d6-3c67-4be3-8d0c-80211969e112,2024-07-19,2024-07-26 16:42:07.068 Z,WALMART,6668f2257c0469953bfd6e45,46100001646.0,1.00,3.97,1.0,3.97,46100001646.0,64.0,2024-07-19 00:00:00+00:00,64.0,777.0,0.0,1.0
80,647281efa55bb77a0e26f586,2023-05-27 22:19:27+00:00,1960-06-13 00:00:00+00:00,FL,en,male,02c675f0-3d0c-49ae-aa18-9422bb9b1cda,2024-06-28,2024-06-28 09:59:19.953 Z,PUBLIX,647281efa55bb77a0e26f586,72030000350.0,1.00, ,1.0,,72030000350.0,62.0,2024-06-28 00:00:00+00:00,64.0,768.0,1.0,13.0
81,647281efa55bb77a0e26f586,2023-05-27 22:19:27+00:00,1960-06-13 00:00:00+00:00,FL,en,male,02c675f0-3d0c-49ae-aa18-9422bb9b1cda,2024-06-28,2024-06-28 09:59:19.953 Z,PUBLIX,647281efa55bb77a0e26f586,72030000350.0,1.00,6.29,1.0,6.29,72030000350.0,62.0,2024-06-28 00:00:00+00:00,64.0,768.0,1.0,13.0
82,62b670ae37e6e08b0774ef35,2022-06-25 02:19:26+00:00,1987-10-09 04:00:00+00:00,GA,en,female,91f56f13-9ffb-457d-8de3-1ed956a5113c,2024-06-23,2024-06-23 16:25:41.209 Z,WALMART,62b670ae37e6e08b0774ef35,78742110684.0,zero,0.64,0.0,0.64,78742110684.0,34.0,2024-06-23 00:00:00+00:00,36.0,440.0,1.0,23.0
83,62b670ae37e6e08b0774ef35,2022-06-25 02:19:26+00:00,1987-10-09 04:00:00+00:00,GA,en,female,91f56f13-9ffb-457d-8de3-1ed956a5113c,2024-06-23,2024-06-23 16:25:41.209 Z,WALMART,62b670ae37e6e08b0774ef35,78742110684.0,1.00,0.64,1.0,0.64,78742110684.0,34.0,2024-06-23 00:00:00+00:00,36.0,440.0,1.0,23.0
84,649dbeab127ddb5d7f0195d2,2023-06-29 17:26:03+00:00,1969-11-02 18:26:03+00:00,NY,en,female,4f35daec-d4a3-4afe-b6b6-a7de3038b4b5,2024-06-20,2024-06-21 08:23:33.218 Z,DOLLAR TREE STORES INC,649dbeab127ddb5d7f0195d2,79400480224.0,zero,1.25,0.0,1.25,79400480224.0,53.0,2024-06-20 00:00:00+00:00,54.0,655.0,0.0,11.0
85,649dbeab127ddb5d7f0195d2,2023-06-29 17:26:03+00:00,1969-11-02 18:26:03+00:00,NY,en,female,4f35daec-d4a3-4afe-b6b6-a7de3038b4b5,2024-06-20,2024-06-21 08:23:33.218 Z,DOLLAR TREE STORES INC,649dbeab127ddb5d7f0195d2,79400480224.0,1.00,1.25,1.0,1.25,79400480224.0,53.0,2024-06-20 00:00:00+00:00,54.0,655.0,0.0,11.0
86,64dd9170516348066e7c4006,2023-08-17 03:18:08+00:00,1993-12-11 04:18:09+00:00,SC,en,female,04e48cb8-ee37-49a8-9d4a-4331a06fe687,2024-08-06,2024-08-06 14:12:05.106 Z,WALMART,64dd9170516348066e7c4006,11111613393.0,zero,11.97,0.0,11.97,11111613393.0,29.0,2024-08-06 00:00:00+00:00,30.0,367.0,0.0,11.0
87,64dd9170516348066e7c4006,2023-08-17 03:18:08+00:00,1993-12-11 04:18:09+00:00,SC,en,female,c50b8ee7-9e03-4f7c-9af1-73e367dbf2bb,2024-08-13,2024-08-13 13:37:15.212 Z,ALDI,64dd9170516348066e7c4006,,zero,1.29,0.0,1.29,nan,29.0,2024-08-13 00:00:00+00:00,30.0,368.0,0.0,11.0
88,64dd9170516348066e7c4006,2023-08-17 03:18:08+00:00,1993-12-11 04:18:09+00:00,SC,en,female,04e48cb8-ee37-49a8-9d4a-4331a06fe687,2024-08-06,2024-08-06 14:12:05.106 Z,WALMART,64dd9170516348066e7c4006,11111613393.0,1.00,11.97,1.0,11.97,11111613393.0,29.0,2024-08-06 00:00:00+00:00,30.0,367.0,0.0,11.0
89,64dd9170516348066e7c4006,2023-08-17 03:18:08+00:00,1993-12-11 04:18:09+00:00,SC,en,female,c50b8ee7-9e03-4f7c-9af1-73e367dbf2bb,2024-08-13,2024-08-13 13:37:15.212 Z,ALDI,64dd9170516348066e7c4006,,1.00,1.29,1.0,1.29,nan,29.0,2024-08-13 00:00:00+00:00,30.0,368.0,0.0,11.0
90,62b67b8e37e6e08b0774f2c4,2022-06-25 03:05:50+00:00,1951-04-01 00:00:00+00:00,NY,en,female,dd59569d-8e51-4f92-8b81-ed7fd0e1a411,2024-08-07,2024-08-07 17:02:08.904 Z,BJ'S WHOLESALE CLUB,62b67b8e37e6e08b0774f2c4,74117949941.0,zero,6.49,0.0,6.49,74117949941.0,71.0,2024-08-07 00:00:00+00:00,73.0,880.0,2.0,25.0
91,62b67b8e37e6e08b0774f2c4,2022-06-25 03:05:50+00:00,1951-04-01 00:00:00+00:00,NY,en,female,dd59569d-8e51-4f92-8b81-ed7fd0e1a411,2024-08-07,2024-08-07 17:02:08.904 Z,BJ'S WHOLESALE CLUB,62b67b8e37e6e08b0774f2c4,74117949941.0,1.00,6.49,1.0,6.49,74117949941.0,71.0,2024-08-07 00:00:00+00:00,73.0,880.0,2.0,25.0
92,61a3e9a55e388d4f51377186,2021-11-28 20:42:13+00:00,1965-10-13 00:00:00+00:00,WI,en,female,151a041b-097d-409a-88ee-a879043e41f3,2024-06-29,2024-06-30 10:59:42.756 Z,WALMART,61a3e9a55e388d4f51377186,681131928236.0,1.00, ,1.0,,681131928236.0,56.0,2024-06-29 00:00:00+00:00,58.0,704.0,2.0,30.0
93,61a3e9a55e388d4f51377186,2021-11-28 20:42:13+00:00,1965-10-13 00:00:00+00:00,WI,en,female,151a041b-097d-409a-88ee-a879043e41f3,2024-06-29,2024-06-30 10:59:42.756 Z,WALMART,61a3e9a55e388d4f51377186,681131928236.0,1.00,2.88,1.0,2.88,681131928236.0,56.0,2024-06-29 00:00:00+00:00,58.0,704.0,2.0,30.0
94,63c4346239c79dcbdd57ced9,2023-01-15 17:14:10+00:00,1972-07-05 04:00:00+00:00,NJ,en,male,235547f3-ca8f-4c66-9d76-26274459afc3,2024-06-27,2024-06-29 08:52:56.045 Z,SHOP RITE,63c4346239c79dcbdd57ced9,71403002038.0,1.00, ,1.0,,71403002038.0,50.0,2024-06-27 00:00:00+00:00,51.0,623.0,1.0,17.0
95,63c4346239c79dcbdd57ced9,2023-01-15 17:14:10+00:00,1972-07-05 04:00:00+00:00,NJ,en,male,235547f3-ca8f-4c66-9d76-26274459afc3,2024-06-27,2024-06-29 08:52:56.045 Z,SHOP RITE,63c4346239c79dcbdd57ced9,71403002038.0,1.00,2.99,1.0,2.99,71403002038.0,50.0,2024-06-27 00:00:00+00:00,51.0,623.0,1.0,17.0
96,6323afdd138f4b3c62bc6e03,2022-09-15 23:06:05+00:00,1958-07-17 00:00:00+00:00,OK,en,female,589dc798-7692-46f6-8664-e6cb8571a7c6,2024-06-21,2024-06-21 13:34:35.381 Z,FIRELAKE EXPRESS GROCERY,6323afdd138f4b3c62bc6e03,2670012915.0,1.00, ,1.0,,2670012915.0,64.0,2024-06-21 00:00:00+00:00,65.0,791.0,1.0,21.0
97,6323afdd138f4b3c62bc6e03,2022-09-15 23:06:05+00:00,1958-07-17 00:00:00+00:00,OK,en,female,589dc798-7692-46f6-8664-e6cb8571a7c6,2024-06-21,2024-06-21 13:34:35.381 Z,FIRELAKE EXPRESS GROCERY,6323afdd138f4b3c62bc6e03,2670012915.0,1.00,3.89,1.0,3.89,2670012915.0,64.0,2024-06-21 00:00:00+00:00,65.0,791.0,1.0,21.0
98,5f4c9055e81e6f162e3f6fa8,2020-08-31 05:53:25+00:00,1987-12-20 00:00:00+00:00,FL,es-419,female,6b66ca9c-e2b8-4763-8c7c-707947dade8f,2024-09-02,2024-09-07 10:46:33.476 Z,SAM'S CLUB,5f4c9055e81e6f162e3f6fa8,228302000003.0,zero,18.98,0.0,18.98,228302000003.0,32.0,2024-09-02 00:00:00+00:00,36.0,440.0,4.0,48.0
99,5f4c9055e81e6f162e3f6fa8,2020-08-31 05:53:25+00:00,1987-12-20 00:00:00+00:00,FL,es-419,female,6b66ca9c-e2b8-4763-8c7c-707947dade8f,2024-09-02,2024-09-07 10:46:33.476 Z,SAM'S CLUB,5f4c9055e81e6f162e3f6fa8,228302000003.0,1.00,18.98,1.0,18.98,228302000003.0,32.0,2024-09-02 00:00:00+00:00,36.0,440.0,4.0,48.0
100,6351760a3a4a3534d9393ecd,2022-10-20 16:23:38+00:00,1984-12-25 00:00:00+00:00,FL,en,female,47bf4b4a-6886-4489-9d84-2c4de45239f7,2024-07-08,2024-07-12 12:05:49.067 Z,COSTCO,6351760a3a4a3534d9393ecd,,zero,9.99,0.0,9.99,nan,37.0,2024-07-08 00:00:00+00:00,39.0,474.0,1.0,20.0
101,6351760a3a4a3534d9393ecd,2022-10-20 16:23:38+00:00,1984-12-25 00:00:00+00:00,FL,en,female,fbe22b2e-8d69-4513-b97a-147cbace12cf,2024-06-30,2024-07-10 23:08:53.890 Z,WALMART,6351760a3a4a3534d9393ecd,72220110814.0,zero,3.88,0.0,3.88,72220110814.0,37.0,2024-06-30 00:00:00+00:00,39.0,474.0,1.0,20.0
102,6351760a3a4a3534d9393ecd,2022-10-20 16:23:38+00:00,1984-12-25 00:00:00+00:00,FL,en,female,fbe22b2e-8d69-4513-b97a-147cbace12cf,2024-06-30,2024-07-10 23:08:53.890 Z,WALMART,6351760a3a4a3534d9393ecd,72220110814.0,1.00,3.88,1.0,3.88,72220110814.0,37.0,2024-06-30 00:00:00+00:00,39.0,474.0,1.0,20.0
103,6351760a3a4a3534d9393ecd,2022-10-20 16:23:38+00:00,1984-12-25 00:00:00+00:00,FL,en,female,47bf4b4a-6886-4489-9d84-2c4de45239f7,2024-07-08,2024-07-12 12:05:49.067 Z,COSTCO,6351760a3a4a3534d9393ecd,,1.00,9.99,1.0,9.99,nan,37.0,2024-07-08 00:00:00+00:00,39.0,474.0,1.0,20.0
104,5dfe695f9a28bd129d32c7e7,2019-12-21 18:50:08+00:00,1965-11-14 05:00:00+00:00,PA,en,female,95f1d5c4-2e43-4725-a5de-e639490ddfdb,2024-07-13,2024-07-26 09:07:47.490 Z,WALMART,5dfe695f9a28bd129d32c7e7,78742097282.0,1.00, ,1.0,,78742097282.0,54.0,2024-07-13 00:00:00+00:00,58.0,703.0,4.0,54.0
105,5dfe695f9a28bd129d32c7e7,2019-12-21 18:50:08+00:00,1965-11-14 05:00:00+00:00,PA,en,female,95f1d5c4-2e43-4725-a5de-e639490ddfdb,2024-07-13,2024-07-26 09:07:47.490 Z,WALMART,5dfe695f9a28bd129d32c7e7,78742097282.0,1.00,1.46,1.0,1.46,78742097282.0,54.0,2024-07-13 00:00:00+00:00,58.0,703.0,4.0,54.0
106,62ffec490d9dbaff18c0a999,2022-08-19 20:02:17+00:00,1951-12-24 05:00:00+00:00,NY,en,female,15e85eeb-279d-4ebf-97ca-310b2af9dc26,2024-06-19,2024-06-20 17:02:38.262 Z,WALMART,62ffec490d9dbaff18c0a999,21500048019.0,zero,2.78,0.0,2.78,21500048019.0,70.0,2024-06-19 00:00:00+00:00,72.0,869.0,1.0,21.0
107,62ffec490d9dbaff18c0a999,2022-08-19 20:02:17+00:00,1951-12-24 05:00:00+00:00,NY,en,female,68a80822-d241-4b49-ae0a-3488c86bf6de,2024-08-23,2024-08-24 10:53:05.559 Z,SAM'S CLUB,62ffec490d9dbaff18c0a999,12546011846.0,zero,11.68,0.0,11.68,12546011846.0,70.0,2024-08-23 00:00:00+00:00,72.0,871.0,2.0,24.0
108,62ffec490d9dbaff18c0a999,2022-08-19 20:02:17+00:00,1951-12-24 05:00:00+00:00,NY,en,female,703cf412-bf3c-45fc-8b15-e16db23522ed,2024-07-20,2024-07-21 11:17:39.758 Z,SAM'S CLUB,62ffec490d9dbaff18c0a999,12546011846.0,zero,11.68,0.0,11.68,12546011846.0,70.0,2024-07-20 00:00:00+00:00,72.0,870.0,1.0,22.0
109,62ffec490d9dbaff18c0a999,2022-08-19 20:02:17+00:00,1951-12-24 05:00:00+00:00,NY,en,female,703cf412-bf3c-45fc-8b15-e16db23522ed,2024-07-20,2024-07-21 11:17:39.758 Z,SAM'S CLUB,62ffec490d9dbaff18c0a999,12546011846.0,1.00,11.68,1.0,11.68,12546011846.0,70.0,2024-07-20 00:00:00+00:00,72.0,870.0,1.0,22.0
110,62ffec490d9dbaff18c0a999,2022-08-19 20:02:17+00:00,1951-12-24 05:00:00+00:00,NY,en,female,68a80822-d241-4b49-ae0a-3488c86bf6de,2024-08-23,2024-08-24 10:53:05.559 Z,SAM'S CLUB,62ffec490d9dbaff18c0a999,12546011846.0,1.00,11.68,1.0,11.68,12546011846.0,70.0,2024-08-23 00:00:00+00:00,72.0,871.0,2.0,24.0
111,62ffec490d9dbaff18c0a999,2022-08-19 20:02:17+00:00,1951-12-24 05:00:00+00:00,NY,en,female,15e85eeb-279d-4ebf-97ca-310b2af9dc26,2024-06-19,2024-06-20 17:02:38.262 Z,WALMART,62ffec490d9dbaff18c0a999,21500048019.0,1.00,2.78,1.0,2.78,21500048019.0,70.0,2024-06-19 00:00:00+00:00,72.0,869.0,1.0,21.0
112,62c09104baa38d1a1f6c260e,2022-07-02 18:40:04+00:00,1978-03-31 00:00:00+00:00,PA,en,female,ad069462-7805-4c2b-a75f-283e5f63d851,2024-08-05,2024-08-13 07:53:18.199 Z,WALMART,62c09104baa38d1a1f6c260e,28400324434.0,1.00, ,1.0,,28400324434.0,44.0,2024-08-05 00:00:00+00:00,46.0,556.0,2.0,25.0
113,62c09104baa38d1a1f6c260e,2022-07-02 18:40:04+00:00,1978-03-31 00:00:00+00:00,PA,en,female,b7e40816-29c9-4b85-95de-e08e9256af35,2024-07-29,2024-07-29 08:29:04.284 Z,WALMART,62c09104baa38d1a1f6c260e,48001354500.0,zero,5.98,0.0,5.98,48001354500.0,44.0,2024-07-29 00:00:00+00:00,46.0,555.0,2.0,24.0
114,62c09104baa38d1a1f6c260e,2022-07-02 18:40:04+00:00,1978-03-31 00:00:00+00:00,PA,en,female,ecf7f11d-9768-4160-bd04-86ecffbffc95,2024-06-23,2024-06-23 16:21:54.550 Z,WALMART,62c09104baa38d1a1f6c260e,77975080092.0,zero,3.00,0.0,3.0,77975080092.0,44.0,2024-06-23 00:00:00+00:00,46.0,554.0,1.0,23.0
115,62c09104baa38d1a1f6c260e,2022-07-02 18:40:04+00:00,1978-03-31 00:00:00+00:00,PA,en,female,ecf7f11d-9768-4160-bd04-86ecffbffc95,2024-06-23,2024-06-23 16:21:54.550 Z,WALMART,62c09104baa38d1a1f6c260e,77975080092.0,1.00,3.00,1.0,3.0,77975080092.0,44.0,2024-06-23 00:00:00+00:00,46.0,554.0,1.0,23.0
116,62c09104baa38d1a1f6c260e,2022-07-02 18:40:04+00:00,1978-03-31 00:00:00+00:00,PA,en,female,b7e40816-29c9-4b85-95de-e08e9256af35,2024-07-29,2024-07-29 08:29:04.284 Z,WALMART,62c09104baa38d1a1f6c260e,48001354500.0,1.00,5.98,1.0,5.98,48001354500.0,44.0,2024-07-29 00:00:00+00:00,46.0,555.0,2.0,24.0
117,62c09104baa38d1a1f6c260e,2022-07-02 18:40:04+00:00,1978-03-31 00:00:00+00:00,PA,en,female,ad069462-7805-4c2b-a75f-283e5f63d851,2024-08-05,2024-08-13 07:53:18.199 Z,WALMART,62c09104baa38d1a1f6c260e,28400324434.0,1.00,2.32,1.0,2.32,28400324434.0,44.0,2024-08-05 00:00:00+00:00,46.0,556.0,2.0,25.0
118,5d191765c8b1ba28e74e8463,2019-06-30 20:11:18+00:00,1964-09-11 05:00:00+00:00,TX,en,female,0dad6c7e-e50f-42bc-8deb-8ad12df3f7e6,2024-06-15,2024-06-17 08:35:26.367 Z,WALMART,5d191765c8b1ba28e74e8463,71990300784.0,zero,17.48,0.0,17.48,71990300784.0,54.0,2024-06-15 00:00:00+00:00,59.0,717.0,4.0,59.0
119,5d191765c8b1ba28e74e8463,2019-06-30 20:11:18+00:00,1964-09-11 05:00:00+00:00,TX,en,female,0dad6c7e-e50f-42bc-8deb-8ad12df3f7e6,2024-06-15,2024-06-17 08:35:26.367 Z,WALMART,5d191765c8b1ba28e74e8463,71990300784.0,1.00,17.48,1.0,17.48,71990300784.0,54.0,2024-06-15 00:00:00+00:00,59.0,717.0,4.0,59.0
120,5fe8b12183fcfc1262fa545a,2020-12-27 16:06:57+00:00,1962-08-19 00:00:00+00:00,IL,en,female,b2b7dc67-2672-47e0-9c16-632b1143b413,2024-07-21,2024-07-21 13:53:05.361 Z,WILDFIRE,5fe8b12183fcfc1262fa545a,311111224057.0,zero,4.00,0.0,4.0,311111224057.0,58.0,2024-07-21 00:00:00+00:00,61.0,743.0,3.0,42.0
121,5fe8b12183fcfc1262fa545a,2020-12-27 16:06:57+00:00,1962-08-19 00:00:00+00:00,IL,en,female,b2b7dc67-2672-47e0-9c16-632b1143b413,2024-07-21,2024-07-21 13:53:05.361 Z,WILDFIRE,5fe8b12183fcfc1262fa545a,311111224057.0,1.00,4.00,1.0,4.0,311111224057.0,58.0,2024-07-21 00:00:00+00:00,61.0,743.0,3.0,42.0
122,633cec0bf06c58bd1fdc9d04,2022-10-05 02:29:31+00:00,1963-04-17 06:00:00+00:00,LA,en,female,5ed75cd9-37c6-4b14-b945-0344950a0ed7,2024-08-05,2024-08-05 22:26:31.007 Z,ROUSES MARKET,633cec0bf06c58bd1fdc9d04,704620066056.0,1.00, ,1.0,,704620066056.0,59.0,2024-08-05 00:00:00+00:00,61.0,735.0,1.0,21.0
123,633cec0bf06c58bd1fdc9d04,2022-10-05 02:29:31+00:00,1963-04-17 06:00:00+00:00,LA,en,female,5ed75cd9-37c6-4b14-b945-0344950a0ed7,2024-08-05,2024-08-05 22:26:31.007 Z,ROUSES MARKET,633cec0bf06c58bd1fdc9d04,704620066056.0,1.00,3.15,1.0,3.15,704620066056.0,59.0,2024-08-05 00:00:00+00:00,61.0,735.0,1.0,21.0
124,6451aa088958f56ee7fac9de,2023-05-03 00:25:44+00:00,1978-12-18 01:25:46+00:00,IN,en,female,58971a5d-13c0-495a-9e49-9a30ae52fdcb,2024-07-03,2024-07-05 18:02:17.179 Z,CIRCLE K,6451aa088958f56ee7fac9de,311111324979.0,zero,2.59,0.0,2.59,311111324979.0,44.0,2024-07-03 00:00:00+00:00,45.0,546.0,1.0,13.0
125,6451aa088958f56ee7fac9de,2023-05-03 00:25:44+00:00,1978-12-18 01:25:46+00:00,IN,en,female,58971a5d-13c0-495a-9e49-9a30ae52fdcb,2024-07-03,2024-07-05 18:02:17.179 Z,CIRCLE K,6451aa088958f56ee7fac9de,311111324979.0,1.00,2.59,1.0,2.59,311111324979.0,44.0,2024-07-03 00:00:00+00:00,45.0,546.0,1.0,13.0
126,6629480003fd991ee3c0d0b8,2024-04-24 17:57:20+00:00,1997-02-25 00:00:00+00:00,GA,en,male,ede3f63a-fba9-4a5d-8e15-769fd821f26e,2024-07-17,2024-07-18 05:15:02.947 Z,WALMART,6629480003fd991ee3c0d0b8,34000000357.0,1.00, ,1.0,,34000000357.0,27.0,2024-07-17 00:00:00+00:00,27.0,328.0,0.0,2.0
127,6629480003fd991ee3c0d0b8,2024-04-24 17:57:20+00:00,1997-02-25 00:00:00+00:00,GA,en,male,ede3f63a-fba9-4a5d-8e15-769fd821f26e,2024-07-17,2024-07-18 05:15:02.947 Z,WALMART,6629480003fd991ee3c0d0b8,34000000357.0,1.00,1.97,1.0,1.97,34000000357.0,27.0,2024-07-17 00:00:00+00:00,27.0,328.0,0.0,2.0
128,6615dab878ee6750bbc350ea,2024-04-10 00:18:00+00:00,1984-04-28 00:00:00+00:00,VA,en,female,7297a22f-4a0a-4377-9eae-c8fb3e35ea4c,2024-08-25,2024-08-25 15:42:48.533 Z,WALMART,6615dab878ee6750bbc350ea,817719021673.0,zero,6.98,0.0,6.98,817719021673.0,39.0,2024-08-25 00:00:00+00:00,40.0,483.0,0.0,4.0
129,6615dab878ee6750bbc350ea,2024-04-10 00:18:00+00:00,1984-04-28 00:00:00+00:00,VA,en,female,7297a22f-4a0a-4377-9eae-c8fb3e35ea4c,2024-08-25,2024-08-25 15:42:48.533 Z,WALMART,6615dab878ee6750bbc350ea,817719021673.0,1.00,6.98,1.0,6.98,817719021673.0,39.0,2024-08-25 00:00:00+00:00,40.0,483.0,0.0,4.0
130,5f209654ce31af14887c9f49,2020-07-28 21:19:16+00:00,1987-11-17 00:00:00+00:00,WI,en,female,e31e108f-e2eb-45f6-a493-d1da50d69c64,2024-07-12,2024-07-14 10:38:44.545 Z,METRO MARKET,5f209654ce31af14887c9f49,40945.0,zero,1.39,0.0,1.39,40945.0,32.0,2024-07-12 00:00:00+00:00,36.0,439.0,3.0,47.0
131,5f209654ce31af14887c9f49,2020-07-28 21:19:16+00:00,1987-11-17 00:00:00+00:00,WI,en,female,e31e108f-e2eb-45f6-a493-d1da50d69c64,2024-07-12,2024-07-14 10:38:44.545 Z,METRO MARKET,5f209654ce31af14887c9f49,40945.0,1.00,1.39,1.0,1.39,40945.0,32.0,2024-07-12 00:00:00+00:00,36.0,439.0,3.0,47.0
132,5fbd58f1ad6b5e12a114079a,2020-11-24 19:03:13+00:00,1962-04-06 00:00:00+00:00,VA,en,male,fb6dfcb8-65a0-4024-9b4a-5091d0af3c72,2024-07-14,2024-07-14 21:11:46.253 Z,LOTTE PLAZA MARKET,5fbd58f1ad6b5e12a114079a,25407803603.0,zero,1.79,0.0,1.79,25407803603.0,58.0,2024-07-14 00:00:00+00:00,62.0,747.0,3.0,43.0
133,5fbd58f1ad6b5e12a114079a,2020-11-24 19:03:13+00:00,1962-04-06 00:00:00+00:00,VA,en,male,fb6dfcb8-65a0-4024-9b4a-5091d0af3c72,2024-07-14,2024-07-14 21:11:46.253 Z,LOTTE PLAZA MARKET,5fbd58f1ad6b5e12a114079a,25407803603.0,1.00,1.79,1.0,1.79,25407803603.0,58.0,2024-07-14 00:00:00+00:00,62.0,747.0,3.0,43.0
134,62893be61ec71241a98013c3,2022-05-21 19:22:14+00:00,1962-04-28 00:00:00+00:00,MO,en,female,9f624eb5-bd86-44e6-aaf2-b59339b75c85,2024-07-13,2024-07-13 16:56:58.611 Z,CVS,62893be61ec71241a98013c3,-1.0,zero,0.46,0.0,0.46,-1.0,60.0,2024-07-13 00:00:00+00:00,62.0,746.0,2.0,25.0
135,62893be61ec71241a98013c3,2022-05-21 19:22:14+00:00,1962-04-28 00:00:00+00:00,MO,en,female,9f624eb5-bd86-44e6-aaf2-b59339b75c85,2024-07-13,2024-07-13 16:56:58.611 Z,CVS,62893be61ec71241a98013c3,-1.0,1.00,0.46,1.0,0.46,-1.0,60.0,2024-07-13 00:00:00+00:00,62.0,746.0,2.0,25.0
136,61a58ac49c135b462ccddd1c,2021-11-30 02:21:56+00:00,1996-05-20 00:00:00+00:00,TN,en,female,08ab1166-9c0b-463c-8980-d62c71b72307,2024-08-26,2024-08-27 10:43:23.976 Z,WALMART,61a58ac49c135b462ccddd1c,16000171084.0,zero,4.93,0.0,4.93,16000171084.0,25.0,2024-08-26 00:00:00+00:00,28.0,339.0,2.0,32.0
137,61a58ac49c135b462ccddd1c,2021-11-30 02:21:56+00:00,1996-05-20 00:00:00+00:00,TN,en,female,21feab39-49f2-42e9-ae69-10371e2fc0a9,2024-08-23,2024-08-27 10:45:00.125 Z,TARGET,61a58ac49c135b462ccddd1c,24000393429.0,1.00, ,1.0,,24000393429.0,25.0,2024-08-23 00:00:00+00:00,28.0,339.0,2.0,32.0
138,61a58ac49c135b462ccddd1c,2021-11-30 02:21:56+00:00,1996-05-20 00:00:00+00:00,TN,en,female,42f44604-4ee6-4a2c-866d-4f9ea537e3a1,2024-06-14,2024-06-15 10:30:45.620 Z,WALMART,61a58ac49c135b462ccddd1c,21000057184.0,1.00, ,1.0,,21000057184.0,25.0,2024-06-14 00:00:00+00:00,28.0,336.0,2.0,30.0
139,61a58ac49c135b462ccddd1c,2021-11-30 02:21:56+00:00,1996-05-20 00:00:00+00:00,TN,en,female,21feab39-49f2-42e9-ae69-10371e2fc0a9,2024-08-23,2024-08-27 10:45:00.125 Z,TARGET,61a58ac49c135b462ccddd1c,24000393429.0,1.00,2.59,1.0,2.59,24000393429.0,25.0,2024-08-23 00:00:00+00:00,28.0,339.0,2.0,32.0
140,61a58ac49c135b462ccddd1c,2021-11-30 02:21:56+00:00,1996-05-20 00:00:00+00:00,TN,en,female,42f44604-4ee6-4a2c-866d-4f9ea537e3a1,2024-06-14,2024-06-15 10:30:45.620 Z,WALMART,61a58ac49c135b462ccddd1c,21000057184.0,1.00,7.47,1.0,7.47,21000057184.0,25.0,2024-06-14 00:00:00+00:00,28.0,336.0,2.0,30.0
141,61a58ac49c135b462ccddd1c,2021-11-30 02:21:56+00:00,1996-05-20 00:00:00+00:00,TN,en,female,08ab1166-9c0b-463c-8980-d62c71b72307,2024-08-26,2024-08-27 10:43:23.976 Z,WALMART,61a58ac49c135b462ccddd1c,16000171084.0,1.00,4.93,1.0,4.93,16000171084.0,25.0,2024-08-26 00:00:00+00:00,28.0,339.0,2.0,32.0
142,628672c44ce32b18abed2aec,2022-05-19 16:39:32+00:00,1987-07-25 00:00:00+00:00,CA,en,female,99839792-bbeb-467d-8092-cf67d31e377b,2024-07-22,2024-08-05 00:56:12.690 Z,WALGREENS,628672c44ce32b18abed2aec,68305686312.0,zero,4.00,0.0,4.0,68305686312.0,34.0,2024-07-22 00:00:00+00:00,36.0,443.0,2.0,26.0
143,628672c44ce32b18abed2aec,2022-05-19 16:39:32+00:00,1987-07-25 00:00:00+00:00,CA,en,female,99839792-bbeb-467d-8092-cf67d31e377b,2024-07-22,2024-08-05 00:56:12.690 Z,WALGREENS,628672c44ce32b18abed2aec,68305686312.0,1.00,4.00,1.0,4.0,68305686312.0,34.0,2024-07-22 00:00:00+00:00,36.0,443.0,2.0,26.0
144,5f01838f758b5d144a2b0f23,2020-07-05 07:38:56+00:00,1977-04-05 00:00:00+00:00,KS,en,female,96f2dafc-d7b6-4c88-bc5b-422032d26556,2024-06-22,2024-06-22 22:05:15.220 Z,WALMART,5f01838f758b5d144a2b0f23,28400516464.0,zero,4.48,0.0,4.48,28400516464.0,43.0,2024-06-22 00:00:00+00:00,47.0,566.0,3.0,47.0
145,5f01838f758b5d144a2b0f23,2020-07-05 07:38:56+00:00,1977-04-05 00:00:00+00:00,KS,en,female,96f2dafc-d7b6-4c88-bc5b-422032d26556,2024-06-22,2024-06-22 22:05:15.220 Z,WALMART,5f01838f758b5d144a2b0f23,28400516464.0,1.00,4.48,1.0,4.48,28400516464.0,43.0,2024-06-22 00:00:00+00:00,47.0,566.0,3.0,47.0
146,5db603f8b68dbf3bc96f3c73,2019-10-27 20:54:17+00:00,1969-09-30 04:00:00+00:00,FL,en,female,cb05a212-bc23-4a62-9ddd-14d68a2e3534,2024-09-08,2024-09-08 11:49:59.910 Z,CVS,5db603f8b68dbf3bc96f3c73,71249278581.0,zero,0.97,0.0,0.97,71249278581.0,50.0,2024-09-08 00:00:00+00:00,54.0,659.0,4.0,58.0
147,5db603f8b68dbf3bc96f3c73,2019-10-27 20:54:17+00:00,1969-09-30 04:00:00+00:00,FL,en,female,cb05a212-bc23-4a62-9ddd-14d68a2e3534,2024-09-08,2024-09-08 11:49:59.910 Z,CVS,5db603f8b68dbf3bc96f3c73,71249278581.0,1.00,0.97,1.0,0.97,71249278581.0,50.0,2024-09-08 00:00:00+00:00,54.0,659.0,4.0,58.0
148,62815e99c907cf3f47d8ee35,2022-05-15 20:12:09+00:00,1948-10-26 05:00:00+00:00,FL,en,female,9a6e4c08-b07b-4bad-ad44-330d2da1b67d,2024-06-17,2024-06-17 11:20:43.843 Z,WALMART,62815e99c907cf3f47d8ee35,810021200231.0,1.00, ,1.0,,810021200231.0,73.0,2024-06-17 00:00:00+00:00,75.0,907.0,2.0,25.0
149,62815e99c907cf3f47d8ee35,2022-05-15 20:12:09+00:00,1948-10-26 05:00:00+00:00,FL,en,female,9a6e4c08-b07b-4bad-ad44-330d2da1b67d,2024-06-17,2024-06-17 11:20:43.843 Z,WALMART,62815e99c907cf3f47d8ee35,810021200231.0,1.00,1.97,1.0,1.97,810021200231.0,73.0,2024-06-17 00:00:00+00:00,75.0,907.0,2.0,25.0
150,66778d1b465f309038ac681e,2024-06-23 02:48:59+00:00,1984-06-18 00:00:00+00:00,NV,en,female,e367e793-0dad-4abe-a951-b8839eb3f741,2024-07-06,2024-07-10 13:31:23.891 Z,WINCO FOODS,66778d1b465f309038ac681e,52100091501.0,zero,1.48,0.0,1.48,52100091501.0,40.0,2024-07-06 00:00:00+00:00,40.0,480.0,0.0,0.0
151,66778d1b465f309038ac681e,2024-06-23 02:48:59+00:00,1984-06-18 00:00:00+00:00,NV,en,female,e367e793-0dad-4abe-a951-b8839eb3f741,2024-07-06,2024-07-10 13:31:23.891 Z,WINCO FOODS,66778d1b465f309038ac681e,52100091501.0,1.00,1.48,1.0,1.48,52100091501.0,40.0,2024-07-06 00:00:00+00:00,40.0,480.0,0.0,0.0
152,61ca1f591a3acd27c1b18f0b,2021-12-27 20:17:29+00:00,1975-09-25 00:00:00+00:00,NY,en,male,a713af20-8268-4094-8a41-3521e818bd15,2024-06-15,2024-06-15 12:54:12.582 Z,TARGET,61ca1f591a3acd27c1b18f0b,28400517942.0,1.00, ,1.0,,28400517942.0,46.0,2024-06-15 00:00:00+00:00,48.0,584.0,2.0,29.0
153,61ca1f591a3acd27c1b18f0b,2021-12-27 20:17:29+00:00,1975-09-25 00:00:00+00:00,NY,en,male,a713af20-8268-4094-8a41-3521e818bd15,2024-06-15,2024-06-15 12:54:12.582 Z,TARGET,61ca1f591a3acd27c1b18f0b,28400517942.0,1.00,5.19,1.0,5.19,28400517942.0,46.0,2024-06-15 00:00:00+00:00,48.0,584.0,2.0,29.0
154,6528a0a388a3a884364d94dc,2023-10-13 01:42:59+00:00,1988-06-30 00:00:00+00:00,WV,en,female,04359032-f079-4fa3-b02d-0f97348b8f11,2024-08-29,2024-08-30 17:33:49.374 Z,FAMILY DOLLAR,6528a0a388a3a884364d94dc,79200048563.0,zero,1.25,0.0,1.25,79200048563.0,35.0,2024-08-29 00:00:00+00:00,36.0,433.0,0.0,10.0
155,6528a0a388a3a884364d94dc,2023-10-13 01:42:59+00:00,1988-06-30 00:00:00+00:00,WV,en,female,4b3281cb-4103-4353-a6cd-22d506c3df3d,2024-08-12,2024-08-20 19:01:03.274 Z,FAMILY DOLLAR,6528a0a388a3a884364d94dc,79200049065.0,zero,2.50,0.0,2.5,79200049065.0,35.0,2024-08-12 00:00:00+00:00,36.0,433.0,0.0,9.0
156,6528a0a388a3a884364d94dc,2023-10-13 01:42:59+00:00,1988-06-30 00:00:00+00:00,WV,en,female,c8120c7f-72f7-4725-ae58-373b007ead8d,2024-08-05,2024-08-10 01:07:14.392 Z,FAMILY DOLLAR,6528a0a388a3a884364d94dc,79200049065.0,zero,2.50,0.0,2.5,79200049065.0,35.0,2024-08-05 00:00:00+00:00,36.0,433.0,0.0,9.0
157,6528a0a388a3a884364d94dc,2023-10-13 01:42:59+00:00,1988-06-30 00:00:00+00:00,WV,en,female,04359032-f079-4fa3-b02d-0f97348b8f11,2024-08-29,2024-08-30 17:33:49.374 Z,FAMILY DOLLAR,6528a0a388a3a884364d94dc,79200048563.0,1.00,1.25,1.0,1.25,79200048563.0,35.0,2024-08-29 00:00:00+00:00,36.0,433.0,0.0,10.0
158,6528a0a388a3a884364d94dc,2023-10-13 01:42:59+00:00,1988-06-30 00:00:00+00:00,WV,en,female,c8120c7f-72f7-4725-ae58-373b007ead8d,2024-08-05,2024-08-10 01:07:14.392 Z,FAMILY DOLLAR,6528a0a388a3a884364d94dc,79200049065.0,1.00,2.50,1.0,2.5,79200049065.0,35.0,2024-08-05 00:00:00+00:00,36.0,433.0,0.0,9.0
159,6528a0a388a3a884364d94dc,2023-10-13 01:42:59+00:00,1988-06-30 00:00:00+00:00,WV,en,female,4b3281cb-4103-4353-a6cd-22d506c3df3d,2024-08-12,2024-08-20 19:01:03.274 Z,FAMILY DOLLAR,6528a0a388a3a884364d94dc,79200049065.0,1.00,2.50,1.0,2.5,79200049065.0,35.0,2024-08-12 00:00:00+00:00,36.0,433.0,0.0,9.0
160,5c366bf06d9819129dfa1118,2019-01-09 21:47:28+00:00,1989-04-21 04:00:00+00:00,NC,en,female,6418e179-a04f-4fc6-bcb9-546f9736e7e6,2024-08-31,2024-09-02 14:08:24.291 Z,WALMART,5c366bf06d9819129dfa1118,71100004434.0,zero,1.88,0.0,1.88,71100004434.0,29.0,2024-08-31 00:00:00+00:00,35.0,424.0,5.0,67.0
161,5c366bf06d9819129dfa1118,2019-01-09 21:47:28+00:00,1989-04-21 04:00:00+00:00,NC,en,female,a9e764a6-0c02-4d99-add4-c7e8e1039ce1,2024-07-05,2024-07-05 12:28:01.141 Z,WALMART,5c366bf06d9819129dfa1118,644209000814.0,1.00, ,1.0,,644209000814.0,29.0,2024-07-05 00:00:00+00:00,35.0,422.0,5.0,65.0
162,5c366bf06d9819129dfa1118,2019-01-09 21:47:28+00:00,1989-04-21 04:00:00+00:00,NC,en,female,ca967602-bb66-4d53-bab2-241c08945b5c,2024-06-15,2024-06-17 19:14:41.050 Z,WALMART,5c366bf06d9819129dfa1118,78742193892.0,zero,3.34,0.0,3.34,78742193892.0,29.0,2024-06-15 00:00:00+00:00,35.0,421.0,5.0,65.0
163,5c366bf06d9819129dfa1118,2019-01-09 21:47:28+00:00,1989-04-21 04:00:00+00:00,NC,en,female,ca967602-bb66-4d53-bab2-241c08945b5c,2024-06-15,2024-06-17 19:14:41.050 Z,WALMART,5c366bf06d9819129dfa1118,78742193892.0,1.00,3.34,1.0,3.34,78742193892.0,29.0,2024-06-15 00:00:00+00:00,35.0,421.0,5.0,65.0
164,5c366bf06d9819129dfa1118,2019-01-09 21:47:28+00:00,1989-04-21 04:00:00+00:00,NC,en,female,6418e179-a04f-4fc6-bcb9-546f9736e7e6,2024-08-31,2024-09-02 14:08:24.291 Z,WALMART,5c366bf06d9819129dfa1118,71100004434.0,1.00,1.88,1.0,1.88,71100004434.0,29.0,2024-08-31 00:00:00+00:00,35.0,424.0,5.0,67.0
165,5c366bf06d9819129dfa1118,2019-01-09 21:47:28+00:00,1989-04-21 04:00:00+00:00,NC,en,female,a9e764a6-0c02-4d99-add4-c7e8e1039ce1,2024-07-05,2024-07-05 12:28:01.141 Z,WALMART,5c366bf06d9819129dfa1118,644209000814.0,1.00,6.98,1.0,6.98,644209000814.0,29.0,2024-07-05 00:00:00+00:00,35.0,422.0,5.0,65.0
166,61730bba65abe727fff3fcf7,2021-10-22 19:06:34+00:00,1954-07-12 00:00:00+00:00,MO,en,female,b94eb3c1-88ea-4785-be4c-f54b6679b816,2024-07-15,2024-07-16 12:02:24.171 Z,CVS,61730bba65abe727fff3fcf7,,zero,9.11,0.0,9.11,nan,67.0,2024-07-15 00:00:00+00:00,70.0,840.0,2.0,32.0
167,61730bba65abe727fff3fcf7,2021-10-22 19:06:34+00:00,1954-07-12 00:00:00+00:00,MO,en,female,b94eb3c1-88ea-4785-be4c-f54b6679b816,2024-07-15,2024-07-16 12:02:24.171 Z,CVS,61730bba65abe727fff3fcf7,,1.00,9.11,1.0,9.11,nan,67.0,2024-07-15 00:00:00+00:00,70.0,840.0,2.0,32.0
168,5eabc94afb448d147203bf11,2020-05-01 07:01:30+00:00,1968-06-20 00:00:00+00:00,WA,en,female,1a382554-9570-4793-a5fe-ed2a0ad47d18,2024-06-25,2024-06-25 20:53:10.242 Z,WINCO FOODS,5eabc94afb448d147203bf11,851093004198.0,1.00, ,1.0,,851093004198.0,51.0,2024-06-25 00:00:00+00:00,56.0,672.0,4.0,49.0
169,5eabc94afb448d147203bf11,2020-05-01 07:01:30+00:00,1968-06-20 00:00:00+00:00,WA,en,female,1a382554-9570-4793-a5fe-ed2a0ad47d18,2024-06-25,2024-06-25 20:53:10.242 Z,WINCO FOODS,5eabc94afb448d147203bf11,851093004198.0,1.00,2.48,1.0,2.48,851093004198.0,51.0,2024-06-25 00:00:00+00:00,56.0,672.0,4.0,49.0
170,643059f0838dd2651fb27f50,2023-04-07 17:59:12+00:00,1954-10-02 00:00:00+00:00,PA,en,male,27e2b9d2-0275-441f-8d3c-50cdf31dca1f,2024-08-19,2024-08-19 13:20:27.321 Z,THE GIANT CO,643059f0838dd2651fb27f50,72250049191.0,1.00, ,1.0,,72250049191.0,68.0,2024-08-19 00:00:00+00:00,69.0,838.0,1.0,16.0
171,643059f0838dd2651fb27f50,2023-04-07 17:59:12+00:00,1954-10-02 00:00:00+00:00,PA,en,male,ea84bde0-b0f3-4d85-b19b-6c141986b799,2024-08-17,2024-08-17 10:04:37.777 Z,CVS,643059f0838dd2651fb27f50,50428438169.0,1.00, ,1.0,,50428438169.0,68.0,2024-08-17 00:00:00+00:00,69.0,838.0,1.0,16.0
172,643059f0838dd2651fb27f50,2023-04-07 17:59:12+00:00,1954-10-02 00:00:00+00:00,PA,en,male,27e2b9d2-0275-441f-8d3c-50cdf31dca1f,2024-08-19,2024-08-19 13:20:27.321 Z,THE GIANT CO,643059f0838dd2651fb27f50,72250049191.0,1.00,3.99,1.0,3.99,72250049191.0,68.0,2024-08-19 00:00:00+00:00,69.0,838.0,1.0,16.0
173,643059f0838dd2651fb27f50,2023-04-07 17:59:12+00:00,1954-10-02 00:00:00+00:00,PA,en,male,ea84bde0-b0f3-4d85-b19b-6c141986b799,2024-08-17,2024-08-17 10:04:37.777 Z,CVS,643059f0838dd2651fb27f50,50428438169.0,1.00,72.00,1.0,72.0,50428438169.0,68.0,2024-08-17 00:00:00+00:00,69.0,838.0,1.0,16.0
174,5fc12a8a16770448f92e56b8,2020-11-27 16:34:18+00:00,1987-06-10 00:00:00+00:00,TX,en,female,ef002762-571a-4460-aa7b-3e04d4c1d082,2024-08-28,2024-08-28 07:56:27.732 Z,KROGER,5fc12a8a16770448f92e56b8,652729011241.0,1.00, ,1.0,,652729011241.0,33.0,2024-08-28 00:00:00+00:00,37.0,446.0,3.0,44.0
175,5fc12a8a16770448f92e56b8,2020-11-27 16:34:18+00:00,1987-06-10 00:00:00+00:00,TX,en,female,fe7543e7-b324-4541-858d-5fff77256a12,2024-07-16,2024-07-17 10:52:25.464 Z,WALGREENS,5fc12a8a16770448f92e56b8,,1.00, ,1.0,,nan,33.0,2024-07-16 00:00:00+00:00,37.0,445.0,3.0,43.0
176,5fc12a8a16770448f92e56b8,2020-11-27 16:34:18+00:00,1987-06-10 00:00:00+00:00,TX,en,female,ef002762-571a-4460-aa7b-3e04d4c1d082,2024-08-28,2024-08-28 07:56:27.732 Z,KROGER,5fc12a8a16770448f92e56b8,652729011241.0,1.00,1.49,1.0,1.49,652729011241.0,33.0,2024-08-28 00:00:00+00:00,37.0,446.0,3.0,44.0
177,5fc12a8a16770448f92e56b8,2020-11-27 16:34:18+00:00,1987-06-10 00:00:00+00:00,TX,en,female,fe7543e7-b324-4541-858d-5fff77256a12,2024-07-16,2024-07-17 10:52:25.464 Z,WALGREENS,5fc12a8a16770448f92e56b8,,1.00,13.18,1.0,13.18,nan,33.0,2024-07-16 00:00:00+00:00,37.0,445.0,3.0,43.0
178,64cfd47cf83efd697ff7d250,2023-08-06 17:12:28+00:00,1986-06-04 00:00:00+00:00,AR,en,female,ae2cb52f-963d-48f2-9c58-018698d333e5,2024-08-17,2024-09-04 09:35:19.173 Z,WALMART,64cfd47cf83efd697ff7d250,681131138499.0,1.00, ,1.0,,681131138499.0,37.0,2024-08-17 00:00:00+00:00,38.0,458.0,1.0,12.0
179,64cfd47cf83efd697ff7d250,2023-08-06 17:12:28+00:00,1986-06-04 00:00:00+00:00,AR,en,female,ae2cb52f-963d-48f2-9c58-018698d333e5,2024-08-17,2024-09-04 09:35:19.173 Z,WALMART,64cfd47cf83efd697ff7d250,681131138499.0,1.00,2.87,1.0,2.87,681131138499.0,37.0,2024-08-17 00:00:00+00:00,38.0,458.0,1.0,12.0
180,660eafb46c9160420268c978,2024-04-04 13:48:36+00:00,1975-04-28 05:00:00+00:00,SD,en,female,f26eddb4-61ba-46d7-89ce-5b3f2dd4fb48,2024-08-10,2024-08-10 15:41:53.078 Z,WALMART,660eafb46c9160420268c978,72945612419.0,1.00, ,1.0,,72945612419.0,48.0,2024-08-10 00:00:00+00:00,49.0,591.0,0.0,4.0
181,660eafb46c9160420268c978,2024-04-04 13:48:36+00:00,1975-04-28 05:00:00+00:00,SD,en,female,f26eddb4-61ba-46d7-89ce-5b3f2dd4fb48,2024-08-10,2024-08-10 15:41:53.078 Z,WALMART,660eafb46c9160420268c978,72945612419.0,1.00,3.46,1.0,3.46,72945612419.0,48.0,2024-08-10 00:00:00+00:00,49.0,591.0,0.0,4.0
182,65b7bd447050d0a6206babc3,2024-01-29 14:59:16+00:00,,FL,en,,e5396be8-0260-4af6-8c45-cf579434d531,2024-06-15,2024-06-15 16:55:58.427 Z,WALMART,65b7bd447050d0a6206babc3,78742037011.0,zero,0.98,0.0,0.98,78742037011.0,,2024-06-15 00:00:00+00:00,,,0.0,4.0
183,65b7bd447050d0a6206babc3,2024-01-29 14:59:16+00:00,,FL,en,,e5396be8-0260-4af6-8c45-cf579434d531,2024-06-15,2024-06-15 16:55:58.427 Z,WALMART,65b7bd447050d0a6206babc3,78742037011.0,1.00,0.98,1.0,0.98,78742037011.0,,2024-06-15 00:00:00+00:00,,,0.0,4.0
184,60330f9ced583b12c513bf34,2021-02-22 01:57:48+00:00,1954-12-22 00:00:00+00:00,KY,en,female,81e7b15f-1023-4d7c-9170-515e0052cee5,2024-07-09,2024-07-16 22:53:07.113 Z,KROGER,60330f9ced583b12c513bf34,13300546017.0,zero,1.25,0.0,1.25,13300546017.0,66.0,2024-07-09 00:00:00+00:00,69.0,834.0,3.0,40.0
185,60330f9ced583b12c513bf34,2021-02-22 01:57:48+00:00,1954-12-22 00:00:00+00:00,KY,en,female,81e7b15f-1023-4d7c-9170-515e0052cee5,2024-07-09,2024-07-16 22:53:07.113 Z,KROGER,60330f9ced583b12c513bf34,13300546017.0,1.00,1.25,1.0,1.25,13300546017.0,66.0,2024-07-09 00:00:00+00:00,69.0,834.0,3.0,40.0
186,646bdaa67a342372c857b958,2023-05-22 21:12:06+00:00,1981-03-23 00:00:00+00:00,WI,en,female,019520fd-f28b-42ff-a29e-d6bf4f5c4b7c,2024-08-19,2024-08-19 11:19:59.681 Z,MEIJER,646bdaa67a342372c857b958,41250087700.0,zero,2.49,0.0,2.49,41250087700.0,42.0,2024-08-19 00:00:00+00:00,43.0,520.0,1.0,14.0
187,646bdaa67a342372c857b958,2023-05-22 21:12:06+00:00,1981-03-23 00:00:00+00:00,WI,en,female,019520fd-f28b-42ff-a29e-d6bf4f5c4b7c,2024-08-19,2024-08-19 11:19:59.681 Z,MEIJER,646bdaa67a342372c857b958,41250216056.0,1.00, ,1.0,,41250216056.0,42.0,2024-08-19 00:00:00+00:00,43.0,520.0,1.0,14.0
188,646bdaa67a342372c857b958,2023-05-22 21:12:06+00:00,1981-03-23 00:00:00+00:00,WI,en,female,399166ef-741b-41d2-bde3-06ac36e0d3ca,2024-07-23,2024-07-23 13:08:48.873 Z,WALMART,646bdaa67a342372c857b958,11111016408.0,1.00, ,1.0,,11111016408.0,42.0,2024-07-23 00:00:00+00:00,43.0,520.0,1.0,14.0
189,646bdaa67a342372c857b958,2023-05-22 21:12:06+00:00,1981-03-23 00:00:00+00:00,WI,en,female,399166ef-741b-41d2-bde3-06ac36e0d3ca,2024-07-23,2024-07-23 13:08:48.873 Z,WALMART,646bdaa67a342372c857b958,11111016408.0,1.00,6.97,1.0,6.97,11111016408.0,42.0,2024-07-23 00:00:00+00:00,43.0,520.0,1.0,14.0
190,646bdaa67a342372c857b958,2023-05-22 21:12:06+00:00,1981-03-23 00:00:00+00:00,WI,en,female,019520fd-f28b-42ff-a29e-d6bf4f5c4b7c,2024-08-19,2024-08-19 11:19:59.681 Z,MEIJER,646bdaa67a342372c857b958,41250216056.0,1.00,3.79,1.0,3.79,41250216056.0,42.0,2024-08-19 00:00:00+00:00,43.0,520.0,1.0,14.0
191,646bdaa67a342372c857b958,2023-05-22 21:12:06+00:00,1981-03-23 00:00:00+00:00,WI,en,female,019520fd-f28b-42ff-a29e-d6bf4f5c4b7c,2024-08-19,2024-08-19 11:19:59.681 Z,MEIJER,646bdaa67a342372c857b958,41250087700.0,1.00,2.49,1.0,2.49,41250087700.0,42.0,2024-08-19 00:00:00+00:00,43.0,520.0,1.0,14.0
192,5c6c2998b06c0045a4fddc74,2019-02-19 16:06:48+00:00,1943-09-03 05:00:00+00:00,OK,en,female,1545b6f9-813e-4c47-a673-fad21a219c00,2024-06-17,2024-06-17 22:07:41.785 Z,WALMART,5c6c2998b06c0045a4fddc74,24300041341.0,zero,2.68,0.0,2.68,24300041341.0,75.0,2024-06-17 00:00:00+00:00,80.0,969.0,5.0,63.0
193,5c6c2998b06c0045a4fddc74,2019-02-19 16:06:48+00:00,1943-09-03 05:00:00+00:00,OK,en,female,be5a3916-5dee-45dc-b488-843a1245cfc9,2024-08-17,2024-08-17 16:02:06.547 Z,WALMART,5c6c2998b06c0045a4fddc74,78742125961.0,zero,2.78,0.0,2.78,78742125961.0,75.0,2024-08-17 00:00:00+00:00,80.0,971.0,5.0,65.0
194,5c6c2998b06c0045a4fddc74,2019-02-19 16:06:48+00:00,1943-09-03 05:00:00+00:00,OK,en,female,be5a3916-5dee-45dc-b488-843a1245cfc9,2024-08-17,2024-08-17 16:02:06.547 Z,WALMART,5c6c2998b06c0045a4fddc74,78742125961.0,1.00,2.78,1.0,2.78,78742125961.0,75.0,2024-08-17 00:00:00+00:00,80.0,971.0,5.0,65.0
195,5c6c2998b06c0045a4fddc74,2019-02-19 16:06:48+00:00,1943-09-03 05:00:00+00:00,OK,en,female,1545b6f9-813e-4c47-a673-fad21a219c00,2024-06-17,2024-06-17 22:07:41.785 Z,WALMART,5c6c2998b06c0045a4fddc74,24300041341.0,1.00,2.68,1.0,2.68,24300041341.0,75.0,2024-06-17 00:00:00+00:00,80.0,969.0,5.0,63.0
196,5f64fff6dc25c93de0383513,2020-09-18 18:44:07+00:00,1948-09-02 04:00:00+00:00,GA,en,male,417a98f9-c71b-468c-b795-74c5576c0100,2024-08-14,2024-08-14 09:42:01.787 Z,WALMART,5f64fff6dc25c93de0383513,64144047024.0,1.00, ,1.0,,64144047024.0,72.0,2024-08-14 00:00:00+00:00,75.0,911.0,3.0,46.0
197,5f64fff6dc25c93de0383513,2020-09-18 18:44:07+00:00,1948-09-02 04:00:00+00:00,GA,en,male,646ff0f9-2828-4483-ab38-fc952c3d4379,2024-08-14,2024-08-14 09:42:22.953 Z,WALMART,5f64fff6dc25c93de0383513,78742012285.0,1.00, ,1.0,,78742012285.0,72.0,2024-08-14 00:00:00+00:00,75.0,911.0,3.0,46.0
198,5f64fff6dc25c93de0383513,2020-09-18 18:44:07+00:00,1948-09-02 04:00:00+00:00,GA,en,male,646ff0f9-2828-4483-ab38-fc952c3d4379,2024-08-14,2024-08-14 09:42:22.953 Z,WALMART,5f64fff6dc25c93de0383513,78742128481.0,zero,2.98,0.0,2.98,78742128481.0,72.0,2024-08-14 00:00:00+00:00,75.0,911.0,3.0,46.0
199,5f64fff6dc25c93de0383513,2020-09-18 18:44:07+00:00,1948-09-02 04:00:00+00:00,GA,en,male,417a98f9-c71b-468c-b795-74c5576c0100,2024-08-14,2024-08-14 09:42:01.787 Z,WALMART,5f64fff6dc25c93de0383513,64144047024.0,1.00,1.00,1.0,1.0,64144047024.0,72.0,2024-08-14 00:00:00+00:00,75.0,911.0,3.0,46.0
200,5f64fff6dc25c93de0383513,2020-09-18 18:44:07+00:00,1948-09-02 04:00:00+00:00,GA,en,male,646ff0f9-2828-4483-ab38-fc952c3d4379,2024-08-14,2024-08-14 09:42:22.953 Z,WALMART,5f64fff6dc25c93de0383513,78742012285.0,1.00,1.42,1.0,1.42,78742012285.0,72.0,2024-08-14 00:00:00+00:00,75.0,911.0,3.0,46.0
201,5f64fff6dc25c93de0383513,2020-09-18 18:44:07+00:00,1948-09-02 04:00:00+00:00,GA,en,male,646ff0f9-2828-4483-ab38-fc952c3d4379,2024-08-14,2024-08-14 09:42:22.953 Z,WALMART,5f64fff6dc25c93de0383513,78742128481.0,1.00,2.98,1.0,2.98,78742128481.0,72.0,2024-08-14 00:00:00+00:00,75.0,911.0,3.0,46.0
202,61fd8c73ac4e5e6b50b4ca01,2022-02-04 20:28:35+00:00,1981-06-07 00:00:00+00:00,IL,en,female,72415640-7852-4af9-b51a-31c652ed52ad,2024-09-06,2024-09-06 12:20:50.724 Z,WALMART,61fd8c73ac4e5e6b50b4ca01,78742085494.0,1.00, ,1.0,,78742085494.0,40.0,2024-09-06 00:00:00+00:00,43.0,518.0,2.0,31.0
203,61fd8c73ac4e5e6b50b4ca01,2022-02-04 20:28:35+00:00,1981-06-07 00:00:00+00:00,IL,en,female,efc9c4ba-b8a7-4dcf-865c-06159d6f6a80,2024-07-17,2024-07-17 09:58:29.888 Z,WALMART,61fd8c73ac4e5e6b50b4ca01,818780011938.0,1.00, ,1.0,,818780011938.0,40.0,2024-07-17 00:00:00+00:00,43.0,517.0,2.0,29.0
204,61fd8c73ac4e5e6b50b4ca01,2022-02-04 20:28:35+00:00,1981-06-07 00:00:00+00:00,IL,en,female,72415640-7852-4af9-b51a-31c652ed52ad,2024-09-06,2024-09-06 12:20:50.724 Z,WALMART,61fd8c73ac4e5e6b50b4ca01,78742085494.0,1.00,1.44,1.0,1.44,78742085494.0,40.0,2024-09-06 00:00:00+00:00,43.0,518.0,2.0,31.0
205,61fd8c73ac4e5e6b50b4ca01,2022-02-04 20:28:35+00:00,1981-06-07 00:00:00+00:00,IL,en,female,efc9c4ba-b8a7-4dcf-865c-06159d6f6a80,2024-07-17,2024-07-17 09:58:29.888 Z,WALMART,61fd8c73ac4e5e6b50b4ca01,818780011938.0,1.00,2.82,1.0,2.82,818780011938.0,40.0,2024-07-17 00:00:00+00:00,43.0,517.0,2.0,29.0
206,59725916e4b01bd2053089fe,2017-07-21 19:42:14+00:00,1977-11-02 00:00:00+00:00,FL,en,female,e542e1e3-f463-4385-8e69-8e79d52e7241,2024-07-05,2024-07-07 11:03:59.418 Z,SAVE A LOT,59725916e4b01bd2053089fe,,zero,2.99,0.0,2.99,nan,39.0,2024-07-05 00:00:00+00:00,46.0,560.0,6.0,83.0
207,59725916e4b01bd2053089fe,2017-07-21 19:42:14+00:00,1977-11-02 00:00:00+00:00,FL,en,female,e542e1e3-f463-4385-8e69-8e79d52e7241,2024-07-05,2024-07-07 11:03:59.418 Z,SAVE A LOT,59725916e4b01bd2053089fe,,1.00,2.99,1.0,2.99,nan,39.0,2024-07-05 00:00:00+00:00,46.0,560.0,6.0,83.0
208,5f222804d52f48146ba7112e,2020-07-30 01:53:09+00:00,1969-04-17 05:00:00+00:00,KY,en,female,a7f47ea2-39d0-416a-bb91-658c5aee56eb,2024-08-27,2024-08-30 20:34:43.015 Z,WALMART,5f222804d52f48146ba7112e,40000596356.0,1.00, ,1.0,,40000596356.0,51.0,2024-08-27 00:00:00+00:00,55.0,664.0,4.0,48.0
209,5f222804d52f48146ba7112e,2020-07-30 01:53:09+00:00,1969-04-17 05:00:00+00:00,KY,en,female,c0cad009-38a3-4009-9c84-c935c4429cdb,2024-08-11,2024-08-17 21:26:16.472 Z,PIC PAC SUPERMARKET,5f222804d52f48146ba7112e,884912111715.0,1.00, ,1.0,,884912111715.0,51.0,2024-08-11 00:00:00+00:00,55.0,663.0,4.0,48.0
210,5f222804d52f48146ba7112e,2020-07-30 01:53:09+00:00,1969-04-17 05:00:00+00:00,KY,en,female,c0cad009-38a3-4009-9c84-c935c4429cdb,2024-08-11,2024-08-17 21:26:16.472 Z,PIC PAC SUPERMARKET,5f222804d52f48146ba7112e,884912111715.0,1.00,5.39,1.0,5.39,884912111715.0,51.0,2024-08-11 00:00:00+00:00,55.0,663.0,4.0,48.0
211,5f222804d52f48146ba7112e,2020-07-30 01:53:09+00:00,1969-04-17 05:00:00+00:00,KY,en,female,a7f47ea2-39d0-416a-bb91-658c5aee56eb,2024-08-27,2024-08-30 20:34:43.015 Z,WALMART,5f222804d52f48146ba7112e,40000596356.0,1.00,0.75,1.0,0.75,40000596356.0,51.0,2024-08-27 00:00:00+00:00,55.0,664.0,4.0,48.0
212,60fc58c6d7a7355d5afb7c84,2021-07-24 18:15:34+00:00,1964-11-29 00:00:00+00:00,PA,en,female,4dd1d2c6-6cf1-4a47-aef7-2a8678b8bf33,2024-07-01,2024-07-02 10:41:32.891 Z,WALMART,60fc58c6d7a7355d5afb7c84,22200004909.0,zero,2.47,0.0,2.47,22200004909.0,56.0,2024-07-01 00:00:00+00:00,59.0,715.0,2.0,35.0
213,60fc58c6d7a7355d5afb7c84,2021-07-24 18:15:34+00:00,1964-11-29 00:00:00+00:00,PA,en,female,4dd1d2c6-6cf1-4a47-aef7-2a8678b8bf33,2024-07-01,2024-07-02 10:41:32.891 Z,WALMART,60fc58c6d7a7355d5afb7c84,78742371085.0,1.00, ,1.0,,78742371085.0,56.0,2024-07-01 00:00:00+00:00,59.0,715.0,2.0,35.0
214,60fc58c6d7a7355d5afb7c84,2021-07-24 18:15:34+00:00,1964-11-29 00:00:00+00:00,PA,en,female,4dd1d2c6-6cf1-4a47-aef7-2a8678b8bf33,2024-07-01,2024-07-02 10:41:32.891 Z,WALMART,60fc58c6d7a7355d5afb7c84,78742371085.0,1.00,3.12,1.0,3.12,78742371085.0,56.0,2024-07-01 00:00:00+00:00,59.0,715.0,2.0,35.0
215,60fc58c6d7a7355d5afb7c84,2021-07-24 18:15:34+00:00,1964-11-29 00:00:00+00:00,PA,en,female,4dd1d2c6-6cf1-4a47-aef7-2a8678b8bf33,2024-07-01,2024-07-02 10:41:32.891 Z,WALMART,60fc58c6d7a7355d5afb7c84,22200004909.0,1.00,2.47,1.0,2.47,22200004909.0,56.0,2024-07-01 00:00:00+00:00,59.0,715.0,2.0,35.0
216,65c3f156e43f8851491d255f,2024-02-07 21:08:38+00:00,1974-01-16 00:00:00+00:00,CO,en,female,f0dae64a-e3b4-4275-95dc-b14b19cadae8,2024-07-06,2024-07-13 21:37:29.183 Z,WALMART,65c3f156e43f8851491d255f,49000549614.0,1.00, ,1.0,,49000549614.0,50.0,2024-07-06 00:00:00+00:00,50.0,605.0,0.0,4.0
217,65c3f156e43f8851491d255f,2024-02-07 21:08:38+00:00,1974-01-16 00:00:00+00:00,CO,en,female,f0dae64a-e3b4-4275-95dc-b14b19cadae8,2024-07-06,2024-07-13 21:37:29.183 Z,WALMART,65c3f156e43f8851491d255f,49000549614.0,1.00,1.52,1.0,1.52,49000549614.0,50.0,2024-07-06 00:00:00+00:00,50.0,605.0,0.0,4.0
218,6344c5701aaccf0b216c3e22,2022-10-11 01:22:56+00:00,1970-07-19 00:00:00+00:00,CA,en,male,2d7ebabc-02f1-4658-b4d0-8acbf44a7bb8,2024-09-04,2024-09-05 00:13:55.307 Z,SUPERIOR GROCERS,6344c5701aaccf0b216c3e22,71169294968.0,zero,3.29,0.0,3.29,71169294968.0,52.0,2024-09-04 00:00:00+00:00,54.0,649.0,1.0,22.0
219,6344c5701aaccf0b216c3e22,2022-10-11 01:22:56+00:00,1970-07-19 00:00:00+00:00,CA,en,male,2d7ebabc-02f1-4658-b4d0-8acbf44a7bb8,2024-09-04,2024-09-05 00:13:55.307 Z,SUPERIOR GROCERS,6344c5701aaccf0b216c3e22,71169294968.0,1.00,3.29,1.0,3.29,71169294968.0,52.0,2024-09-04 00:00:00+00:00,54.0,649.0,1.0,22.0
220,5e6d0beb01ecdd13986852e8,2020-03-14 16:53:00+00:00,1960-05-12 00:00:00+00:00,IA,en,male,d80f7f61-d98f-46d7-be8a-0969971e2b7c,2024-08-16,2024-08-17 08:55:14.932 Z,HY-VEE,5e6d0beb01ecdd13986852e8,30772112526.0,1.00, ,1.0,,30772112526.0,59.0,2024-08-16 00:00:00+00:00,64.0,771.0,4.0,53.0
221,5e6d0beb01ecdd13986852e8,2020-03-14 16:53:00+00:00,1960-05-12 00:00:00+00:00,IA,en,male,d80f7f61-d98f-46d7-be8a-0969971e2b7c,2024-08-16,2024-08-17 08:55:14.932 Z,HY-VEE,5e6d0beb01ecdd13986852e8,30772112526.0,1.00,8.97,1.0,8.97,30772112526.0,59.0,2024-08-16 00:00:00+00:00,64.0,771.0,4.0,53.0
222,64b195bd480825afb3d43809,2023-07-14 18:36:45+00:00,1972-09-26 00:00:00+00:00,CA,en,female,8835aac0-2118-47d6-bd8d-366b478b4420,2024-06-18,2024-06-30 21:57:23.358 Z,WALMART,64b195bd480825afb3d43809,51000012517.0,zero,2.37,0.0,2.37,51000012517.0,50.0,2024-06-18 00:00:00+00:00,51.0,620.0,0.0,11.0
223,64b195bd480825afb3d43809,2023-07-14 18:36:45+00:00,1972-09-26 00:00:00+00:00,CA,en,female,8835aac0-2118-47d6-bd8d-366b478b4420,2024-06-18,2024-06-30 21:57:23.358 Z,WALMART,64b195bd480825afb3d43809,51000012517.0,1.00,2.37,1.0,2.37,51000012517.0,50.0,2024-06-18 00:00:00+00:00,51.0,620.0,0.0,11.0
224,6661ed1e7c0469953bfc76c4,2024-06-06 17:08:46+00:00,1991-05-02 00:00:00+00:00,FL,en,female,79e10b66-d5c5-420d-9f46-7536ab4f5eca,2024-07-23,2024-07-23 13:37:52.396 Z,WALMART,6661ed1e7c0469953bfc76c4,30000566237.0,zero,8.30,0.0,8.3,30000566237.0,33.0,2024-07-23 00:00:00+00:00,33.0,398.0,0.0,1.0
225,6661ed1e7c0469953bfc76c4,2024-06-06 17:08:46+00:00,1991-05-02 00:00:00+00:00,FL,en,female,79e10b66-d5c5-420d-9f46-7536ab4f5eca,2024-07-23,2024-07-23 13:37:52.396 Z,WALMART,6661ed1e7c0469953bfc76c4,38000138416.0,1.00, ,1.0,,38000138416.0,33.0,2024-07-23 00:00:00+00:00,33.0,398.0,0.0,1.0
226,6661ed1e7c0469953bfc76c4,2024-06-06 17:08:46+00:00,1991-05-02 00:00:00+00:00,FL,en,female,79e10b66-d5c5-420d-9f46-7536ab4f5eca,2024-07-23,2024-07-23 13:37:52.396 Z,WALMART,6661ed1e7c0469953bfc76c4,30000566237.0,1.00,8.30,1.0,8.3,30000566237.0,33.0,2024-07-23 00:00:00+00:00,33.0,398.0,0.0,1.0
227,6661ed1e7c0469953bfc76c4,2024-06-06 17:08:46+00:00,1991-05-02 00:00:00+00:00,FL,en,female,79e10b66-d5c5-420d-9f46-7536ab4f5eca,2024-07-23,2024-07-23 13:37:52.396 Z,WALMART,6661ed1e7c0469953bfc76c4,38000138416.0,1.00,2.00,1.0,2.0,38000138416.0,33.0,2024-07-23 00:00:00+00:00,33.0,398.0,0.0,1.0
228,5fcd25273f814c1271450841,2020-12-06 18:38:31+00:00,1972-11-15 00:00:00+00:00,NE,en,female,485d2ad5-e57e-4ec8-8483-11ac2fcac205,2024-06-30,2024-07-01 16:10:53.883 Z,ALDI,5fcd25273f814c1271450841,,zero,2.95,0.0,2.95,nan,48.0,2024-06-30 00:00:00+00:00,51.0,619.0,3.0,42.0
229,5fcd25273f814c1271450841,2020-12-06 18:38:31+00:00,1972-11-15 00:00:00+00:00,NE,en,female,485d2ad5-e57e-4ec8-8483-11ac2fcac205,2024-06-30,2024-07-01 16:10:53.883 Z,ALDI,5fcd25273f814c1271450841,,1.00,2.95,1.0,2.95,nan,48.0,2024-06-30 00:00:00+00:00,51.0,619.0,3.0,42.0
230,5f21e60446f11314a16015de,2020-07-29 21:11:32+00:00,1980-07-29 04:00:00+00:00,NC,en,male,ad7ae593-7a85-4e94-b05f-21d6ffe95210,2024-07-10,2024-07-10 12:15:23.728 Z,FOOD LION,5f21e60446f11314a16015de,44000006990.0,zero,5.19,0.0,5.19,44000006990.0,40.0,2024-07-10 00:00:00+00:00,43.0,527.0,3.0,47.0
231,5f21e60446f11314a16015de,2020-07-29 21:11:32+00:00,1980-07-29 04:00:00+00:00,NC,en,male,e8540dd0-adb0-432b-82a4-0e9e9afa9a0f,2024-08-21,2024-08-22 10:00:01.173 Z,FOOD LION,5f21e60446f11314a16015de,14100047070.0,zero,3.79,0.0,3.79,14100047070.0,40.0,2024-08-21 00:00:00+00:00,44.0,528.0,4.0,48.0
232,5f21e60446f11314a16015de,2020-07-29 21:11:32+00:00,1980-07-29 04:00:00+00:00,NC,en,male,ad7ae593-7a85-4e94-b05f-21d6ffe95210,2024-07-10,2024-07-10 12:15:23.728 Z,FOOD LION,5f21e60446f11314a16015de,44000006990.0,1.00,5.19,1.0,5.19,44000006990.0,40.0,2024-07-10 00:00:00+00:00,43.0,527.0,3.0,47.0
233,5f21e60446f11314a16015de,2020-07-29 21:11:32+00:00,1980-07-29 04:00:00+00:00,NC,en,male,e8540dd0-adb0-432b-82a4-0e9e9afa9a0f,2024-08-21,2024-08-22 10:00:01.173 Z,FOOD LION,5f21e60446f11314a16015de,14100047070.0,1.00,3.79,1.0,3.79,14100047070.0,40.0,2024-08-21 00:00:00+00:00,44.0,528.0,4.0,48.0
234,63b4d64d9f3fc9c75475950a,2023-01-04 01:28:45+00:00,1973-09-17 00:00:00+00:00,CT,en,female,ae3b027c-a535-40a1-a28e-abb07eabe890,2024-07-26,2024-07-27 05:35:18.260 Z,KEY FOOD FRESH,63b4d64d9f3fc9c75475950a,311111885753.0,zero,0.67,0.0,0.67,311111885753.0,49.0,2024-07-26 00:00:00+00:00,50.0,610.0,1.0,18.0
235,63b4d64d9f3fc9c75475950a,2023-01-04 01:28:45+00:00,1973-09-17 00:00:00+00:00,CT,en,female,ae3b027c-a535-40a1-a28e-abb07eabe890,2024-07-26,2024-07-27 05:35:18.260 Z,KEY FOOD FRESH,63b4d64d9f3fc9c75475950a,311111885753.0,1.00,0.67,1.0,0.67,311111885753.0,49.0,2024-07-26 00:00:00+00:00,50.0,610.0,1.0,18.0
236,5ca54049adfcb4140b54e1bf,2019-04-03 23:22:49+00:00,1990-06-14 04:00:00+00:00,NC,en,female,0cdf9b13-d700-437c-8e2a-4452bb6f2506,2024-09-07,2024-09-07 13:25:24.501 Z,MC,5ca54049adfcb4140b54e1bf,876274001858.0,1.00, ,1.0,,876274001858.0,28.0,2024-09-07 00:00:00+00:00,34.0,410.0,5.0,65.0
237,5ca54049adfcb4140b54e1bf,2019-04-03 23:22:49+00:00,1990-06-14 04:00:00+00:00,NC,en,female,b4b2cfc1-8f57-41e6-825c-d7958ef49384,2024-08-05,2024-08-05 14:31:52.497 Z,FOOD LION,5ca54049adfcb4140b54e1bf,311111128836.0,1.00, ,1.0,,311111128836.0,28.0,2024-08-05 00:00:00+00:00,34.0,409.0,5.0,64.0
238,5ca54049adfcb4140b54e1bf,2019-04-03 23:22:49+00:00,1990-06-14 04:00:00+00:00,NC,en,female,0cdf9b13-d700-437c-8e2a-4452bb6f2506,2024-09-07,2024-09-07 13:25:24.501 Z,MC,5ca54049adfcb4140b54e1bf,876274001858.0,1.00,1.25,1.0,1.25,876274001858.0,28.0,2024-09-07 00:00:00+00:00,34.0,410.0,5.0,65.0
239,5ca54049adfcb4140b54e1bf,2019-04-03 23:22:49+00:00,1990-06-14 04:00:00+00:00,NC,en,female,b4b2cfc1-8f57-41e6-825c-d7958ef49384,2024-08-05,2024-08-05 14:31:52.497 Z,FOOD LION,5ca54049adfcb4140b54e1bf,311111128836.0,1.00,5.99,1.0,5.99,311111128836.0,28.0,2024-08-05 00:00:00+00:00,34.0,409.0,5.0,64.0
240,63faaa3e38f010745ba05f9f,2023-02-26 00:39:26+00:00,1980-10-24 00:00:00+00:00,PA,en,female,6a4bcdd5-7469-45cb-8e32-a1f744ee3ab9,2024-07-09,2024-07-11 13:31:13.819 Z,ALDI,63faaa3e38f010745ba05f9f,,zero,1.75,0.0,1.75,nan,42.0,2024-07-09 00:00:00+00:00,43.0,524.0,1.0,16.0
241,63faaa3e38f010745ba05f9f,2023-02-26 00:39:26+00:00,1980-10-24 00:00:00+00:00,PA,en,female,6a4bcdd5-7469-45cb-8e32-a1f744ee3ab9,2024-07-09,2024-07-11 13:31:13.819 Z,ALDI,63faaa3e38f010745ba05f9f,,1.00,1.75,1.0,1.75,nan,42.0,2024-07-09 00:00:00+00:00,43.0,524.0,1.0,16.0
242,606df2882b317d709de67809,2021-04-07 17:57:28+00:00,1966-09-03 00:00:00+00:00,CO,en,female,e89763df-a88a-476c-b903-6520599806e5,2024-08-31,2024-09-04 14:55:56.503 Z,SAFEWAY,606df2882b317d709de67809,40000424314.0,zero,1.25,0.0,1.25,40000424314.0,54.0,2024-08-31 00:00:00+00:00,57.0,695.0,3.0,40.0
243,606df2882b317d709de67809,2021-04-07 17:57:28+00:00,1966-09-03 00:00:00+00:00,CO,en,female,e89763df-a88a-476c-b903-6520599806e5,2024-08-31,2024-09-04 14:55:56.503 Z,SAFEWAY,606df2882b317d709de67809,40000424314.0,1.00,1.25,1.0,1.25,40000424314.0,54.0,2024-08-31 00:00:00+00:00,57.0,695.0,3.0,40.0
244,664794617c0469953bf8932c,2024-05-17 17:31:13+00:00,1949-06-09 00:00:00+00:00,OR,es-419,female,59df1c4c-ade1-4a77-97eb-e731bec19fed,2024-07-25,2024-07-26 19:50:38.133 Z,WALMART,664794617c0469953bf8932c,33383664002.0,zero,1.22,0.0,1.22,33383664002.0,74.0,2024-07-25 00:00:00+00:00,75.0,901.0,0.0,2.0
245,664794617c0469953bf8932c,2024-05-17 17:31:13+00:00,1949-06-09 00:00:00+00:00,OR,es-419,female,59df1c4c-ade1-4a77-97eb-e731bec19fed,2024-07-25,2024-07-26 19:50:38.133 Z,WALMART,664794617c0469953bf8932c,41449001869.0,1.00, ,1.0,,41449001869.0,74.0,2024-07-25 00:00:00+00:00,75.0,901.0,0.0,2.0
246,664794617c0469953bf8932c,2024-05-17 17:31:13+00:00,1949-06-09 00:00:00+00:00,OR,es-419,female,59df1c4c-ade1-4a77-97eb-e731bec19fed,2024-07-25,2024-07-26 19:50:38.133 Z,WALMART,664794617c0469953bf8932c,33383664002.0,1.00,1.22,1.0,1.22,33383664002.0,74.0,2024-07-25 00:00:00+00:00,75.0,901.0,0.0,2.0
247,664794617c0469953bf8932c,2024-05-17 17:31:13+00:00,1949-06-09 00:00:00+00:00,OR,es-419,female,59df1c4c-ade1-4a77-97eb-e731bec19fed,2024-07-25,2024-07-26 19:50:38.133 Z,WALMART,664794617c0469953bf8932c,41449001869.0,1.00,1.86,1.0,1.86,41449001869.0,74.0,2024-07-25 00:00:00+00:00,75.0,901.0,0.0,2.0
248,65ff60725a33935f1ed9176c,2024-03-23 23:06:26+00:00,1960-12-23 06:00:00+00:00,LA,en,female,b5299da9-5807-4233-91d4-b3b7a9bc09e8,2024-07-28,2024-07-30 12:12:35.517 Z,TARGET,65ff60725a33935f1ed9176c,16000476738.0,zero,2.99,0.0,2.99,16000476738.0,63.0,2024-07-28 00:00:00+00:00,63.0,763.0,0.0,4.0
249,65ff60725a33935f1ed9176c,2024-03-23 23:06:26+00:00,1960-12-23 06:00:00+00:00,LA,en,female,b5299da9-5807-4233-91d4-b3b7a9bc09e8,2024-07-28,2024-07-30 12:12:35.517 Z,TARGET,65ff60725a33935f1ed9176c,16000476738.0,1.00,2.99,1.0,2.99,16000476738.0,63.0,2024-07-28 00:00:00+00:00,63.0,763.0,0.0,4.0
250,6430566d44f22b2ce43094cc,2023-04-07 17:44:13+00:00,1966-01-13 06:00:00+00:00,KY,en,female,fc0de804-3bcb-4a47-ae7d-59e95a182ee9,2024-08-24,2024-08-25 18:00:34.169 Z,IGA,6430566d44f22b2ce43094cc,70200857278.0,1.00, ,1.0,,70200857278.0,57.0,2024-08-24 00:00:00+00:00,58.0,703.0,1.0,16.0
251,6430566d44f22b2ce43094cc,2023-04-07 17:44:13+00:00,1966-01-13 06:00:00+00:00,KY,en,female,fc0de804-3bcb-4a47-ae7d-59e95a182ee9,2024-08-24,2024-08-25 18:00:34.169 Z,IGA,6430566d44f22b2ce43094cc,70200857278.0,1.00,5.99,1.0,5.99,70200857278.0,57.0,2024-08-24 00:00:00+00:00,58.0,703.0,1.0,16.0
252,62fd767c30b23c82199243ad,2022-08-17 23:15:08+00:00,1975-09-14 00:00:00+00:00,IL,en,female,e9d62d97-1879-40ab-b9c9-470418fee36f,2024-07-11,2024-07-11 18:10:58.995 Z,WALMART,62fd767c30b23c82199243ad,27000388150.0,1.00, ,1.0,,27000388150.0,46.0,2024-07-11 00:00:00+00:00,48.0,585.0,1.0,22.0
253,62fd767c30b23c82199243ad,2022-08-17 23:15:08+00:00,1975-09-14 00:00:00+00:00,IL,en,female,e9d62d97-1879-40ab-b9c9-470418fee36f,2024-07-11,2024-07-11 18:10:58.995 Z,WALMART,62fd767c30b23c82199243ad,27000388150.0,1.00,0.97,1.0,0.97,27000388150.0,46.0,2024-07-11 00:00:00+00:00,48.0,585.0,1.0,22.0
254,5db8d533b68dbf3bc986f289,2019-10-30 00:11:31+00:00,1970-06-28 00:00:00+00:00,FL,en,female,3dee9e30-8a8e-4b1f-9d06-b9bfdbfac5d4,2024-09-02,2024-09-02 11:23:24.683 Z,WALMART,5db8d533b68dbf3bc986f289,78742037011.0,zero,0.98,0.0,0.98,78742037011.0,49.0,2024-09-02 00:00:00+00:00,54.0,650.0,4.0,58.0
255,5db8d533b68dbf3bc986f289,2019-10-30 00:11:31+00:00,1970-06-28 00:00:00+00:00,FL,en,female,3dee9e30-8a8e-4b1f-9d06-b9bfdbfac5d4,2024-09-02,2024-09-02 11:23:24.683 Z,WALMART,5db8d533b68dbf3bc986f289,78742037011.0,1.00,0.98,1.0,0.98,78742037011.0,49.0,2024-09-02 00:00:00+00:00,54.0,650.0,4.0,58.0
256,5f6518d1bf3f5a43fdd0c9a5,2020-09-18 20:30:09+00:00,1955-02-19 05:00:00+00:00,CT,en,female,72e11459-34e3-43cc-9779-f3f971508b96,2024-06-21,2024-06-21 11:29:08.749 Z,WALMART,5f6518d1bf3f5a43fdd0c9a5,71730007164.0,1.00, ,1.0,,71730007164.0,65.0,2024-06-21 00:00:00+00:00,69.0,832.0,3.0,45.0
257,5f6518d1bf3f5a43fdd0c9a5,2020-09-18 20:30:09+00:00,1955-02-19 05:00:00+00:00,CT,en,female,9c47ad1e-08df-4c21-944a-d7ae1f1fc8a3,2024-09-06,2024-09-07 18:02:11.141 Z,WALMART,5f6518d1bf3f5a43fdd0c9a5,,1.00, ,1.0,,nan,65.0,2024-09-06 00:00:00+00:00,69.0,834.0,3.0,47.0
258,5f6518d1bf3f5a43fdd0c9a5,2020-09-18 20:30:09+00:00,1955-02-19 05:00:00+00:00,CT,en,female,9c47ad1e-08df-4c21-944a-d7ae1f1fc8a3,2024-09-06,2024-09-07 18:02:11.141 Z,WALMART,5f6518d1bf3f5a43fdd0c9a5,,zero,2.62,0.0,2.62,nan,65.0,2024-09-06 00:00:00+00:00,69.0,834.0,3.0,47.0
259,5f6518d1bf3f5a43fdd0c9a5,2020-09-18 20:30:09+00:00,1955-02-19 05:00:00+00:00,CT,en,female,9c47ad1e-08df-4c21-944a-d7ae1f1fc8a3,2024-09-06,2024-09-07 18:02:11.141 Z,WALMART,5f6518d1bf3f5a43fdd0c9a5,,1.00,2.62,1.0,2.62,nan,65.0,2024-09-06 00:00:00+00:00,69.0,834.0,3.0,47.0
260,5f6518d1bf3f5a43fdd0c9a5,2020-09-18 20:30:09+00:00,1955-02-19 05:00:00+00:00,CT,en,female,9c47ad1e-08df-4c21-944a-d7ae1f1fc8a3,2024-09-06,2024-09-07 18:02:11.141 Z,WALMART,5f6518d1bf3f5a43fdd0c9a5,,1.00,2.62,1.0,2.62,nan,65.0,2024-09-06 00:00:00+00:00,69.0,834.0,3.0,47.0
261,5f6518d1bf3f5a43fdd0c9a5,2020-09-18 20:30:09+00:00,1955-02-19 05:00:00+00:00,CT,en,female,72e11459-34e3-43cc-9779-f3f971508b96,2024-06-21,2024-06-21 11:29:08.749 Z,WALMART,5f6518d1bf3f5a43fdd0c9a5,71730007164.0,1.00,5.98,1.0,5.98,71730007164.0,65.0,2024-06-21 00:00:00+00:00,69.0,832.0,3.0,45.0
